title,slug,excerpt,content,featured_image,category,published,author,translations,id,created_date,updated_date,created_by_id,is_sample
"I Benefici Scientifici dell'Olio Extravergine di Oliva per la Salute","benefici-scientifici-olio-oliva-salute","Studi scientifici dimostrano che il consumo regolare di olio extravergine di oliva può aumentare la longevità e migliorare numerosi indicatori di salute. Scopri tutti i benefici confermati dalla ricerca.","# I Benefici Scientifici dell'Olio Extravergine di Oliva

L'olio extravergine di oliva (EVOO) è da tempo riconosciuto come uno degli alimenti più salutari al mondo, e la ricerca scientifica continua a confermare i suoi straordinari benefici per la salute umana.

## Studio Harvard: Longevità e Consumo di Olio d'Oliva

Uno studio pubblicato da Harvard ha rivelato risultati sorprendenti: **le persone che consumano più olio d'oliva – circa mezzo cucchiaio al giorno – hanno un rischio di morte inferiore del 19%** rispetto a chi ne consuma meno.

### Benefici Cardiovascolari

La ricerca ha dimostrato che l'EVOO:

- **Riduce la pressione sanguigna**: Gli acidi grassi monoinsaturi (MUFA) aiutano a mantenere la pressione arteriosa in range ottimali
- **Migliora il profilo lipidico**: Aumenta il colesterolo HDL (buono) e riduce l'LDL (cattivo)
- **Riduce il rischio cardiovascolare**: Diminuisce la formazione di placche nelle arterie
- **Protegge contro le malattie cardiache**: L'effetto cardioprotettivo è stato confermato in numerosi studi clinici

## Controllo Glicemico e Diabete

Secondo studi pubblicati su riviste scientifiche peer-reviewed, l'EVOO è **superiore nella gestione dei biomarcatori clinici**, incluso:

- Miglioramento del controllo glicemico
- Riduzione della resistenza insulinica
- Stabilizzazione dei livelli di zucchero nel sangue
- Prevenzione del diabete di tipo 2

## Proprietà Antiossidanti e Antinfiammatorie

L'olio extravergine di oliva è ricco di:

### Polifenoli
Potenti antiossidanti che:
- Combattono lo stress ossidativo
- Proteggono le cellule dai danni dei radicali liberi
- Rallentano l'invecchiamento cellulare

### Oleocantale
Un composto naturale con proprietà:
- Antinfiammatorie simili all'ibuprofene
- Protettive contro malattie neurodegenerative
- Benefiche per la salute cerebrale

### Vitamina E
Essenziale per:
- La protezione delle membrane cellulari
- Il sistema immunitario
- La salute della pelle

## Benefici per il Cervello

Studi recenti hanno evidenziato che l'EVOO:

- **Protegge contro il declino cognitivo**
- **Riduce il rischio di Alzheimer**
- **Migliora la memoria e le funzioni cognitive**
- **Supporta la salute neuronale**

## La Dieta Mediterranea

L'olio extravergine di oliva è l'ingrediente centrale della **Dieta Mediterranea**, riconosciuta dall'UNESCO come Patrimonio Culturale Immateriale dell'Umanità e considerata da nutrizionisti e medici come uno dei modelli alimentari più salutari al mondo.

### Perché la Dieta Mediterranea Funziona

La combinazione di:
- Olio extravergine di oliva come principale fonte di grassi
- Abbondanza di frutta e verdura
- Cereali integrali
- Pesce e legumi
- Consumo moderato di vino rosso

Crea un effetto sinergico che protegge da:
- Malattie cardiovascolari
- Diabete
- Obesità
- Alcuni tipi di cancro
- Malattie neurodegenerative

## Come Consumare l'Olio d'Oliva per Massimi Benefici

### A Crudo
Il modo migliore per preservare tutti i nutrienti:
- Su insalate
- Su verdure cotte
- Su pane tostato
- Come condimento finale sui piatti

### Quantità Raccomandata
Gli esperti suggeriscono:
- **2-3 cucchiai al giorno** (20-30ml)
- Preferibilmente distribuiti durante la giornata
- Come sostituto di altri grassi meno salutari

### Qualità Conta
Per ottenere tutti i benefici:
- Scegliere **EVOO certificato**
- Verificare l'**origine italiana** o mediterranea
- Controllare la **data di raccolta**
- Conservare **al riparo da luce e calore**

## Il Nostro Impegno: Qualità Garantita

Da **Oro Naturale** selezioniamo solo oli extravergini di oliva che:

✓ Provengono da oliveti italiani certificati
✓ Sono estratti a freddo meccanicamente
✓ Hanno bassissima acidità (<0.5%)
✓ Sono ricchi di polifenoli naturali
✓ Sono tracciabili dalla raccolta alla bottiglia

## Conclusione

La scienza è chiara: **l'olio extravergine di oliva di qualità è un vero e proprio elisir di salute**. Non è solo un condimento, ma un nutraceutico – un alimento che nutre e cura allo stesso tempo.

Investire in un buon olio extravergine di oliva significa investire nella propria salute a lungo termine.

### Fonti Scientifiche

- Harvard Health Publishing: ""High olive oil consumption associated with longevity""
- National Center for Biotechnology Information (NCBI): ""Extra Virgin Olive Oil and Health Benefits""
- UC Davis Health: ""Olive oil health benefits and dietary recommendations""

---

*Scopri la nostra selezione di oli extravergini di oliva premium nel nostro [shop](#), dove ogni bottiglia racconta una storia di qualità, tradizione e salute.*","https://images.unsplash.com/photo-1474979266404-7eaacbcd87c5?w=1200&q=80","health","true","Dr. Nutrizione","{""en"":{""title"":""The Scientific Health Benefits of Extra Virgin Olive Oil"",""excerpt"":""Scientific studies show that regular consumption of extra virgin olive oil can increase longevity and improve numerous health indicators. Discover all the benefits confirmed by research."",""content"":""Extra virgin olive oil (EVOO) has long been recognized as one of the healthiest foods in the world, and scientific research continues to confirm its extraordinary benefits for human health.  Harvard Study: Longevity and Olive Oil Consumption  A study published by Harvard revealed surprising results: people who consume more olive oil – about half a tablespoon a day – have a 19% lower risk of death compared to those who consume less.  Cardiovascular Benefits  Research has shown that EVOO:  Lowers blood pressure: Monounsaturated fatty acids (MUFA) help maintain optimal blood pressure  Improves lipid profile: Increases HDL (good) cholesterol and reduces LDL (bad)  Reduces cardiovascular risk: Decreases plaque formation in arteries  Protects against heart disease: Cardioprotective effects confirmed in multiple clinical studies  Glycemic Control and Diabetes  Peer-reviewed studies show EVOO is superior in managing clinical biomarkers, including:  Improved glycemic control  Reduced insulin resistance  Stabilized blood sugar levels  Prevention of type 2 diabetes  Antioxidant and Anti-Inflammatory Properties  EVOO is rich in:  Polyphenols Powerful antioxidants that:  Combat oxidative stress  Protect cells from free radical damage  Slow cellular aging  Oleocanthal A natural compound with:  Anti-inflammatory effects similar to ibuprofen  Protective effects against neurodegenerative diseases  Benefits for brain health  Vitamin E Essential for:  Protecting cell membranes  Immune system support  Skin health  Brain Benefits  Recent studies show EVOO:  Protects against cognitive decline  Reduces Alzheimer’s risk  Improves memory and cognitive function  Supports neuronal health  The Mediterranean Diet  EVOO is the cornerstone of the Mediterranean Diet, recognized by UNESCO as an Intangible Cultural Heritage and considered by nutritionists and doctors as one of the healthiest dietary models worldwide.  Why It Works: The combination of:  EVOO as the primary fat source  Abundance of fruits and vegetables  Whole grains  Fish and legumes  Moderate red wine consumption  Creates a synergistic effect that protects against:  Cardiovascular diseases  Diabetes  Obesity  Certain cancers  Neurodegenerative diseases  How to Consume Olive Oil for Maximum Benefits  Raw Consumption The best way to preserve nutrients:  On salads  On cooked vegetables  On toasted bread  As a finishing touch on dishes  Recommended Quantity Experts suggest:  2–3 tablespoons per day (20–30ml)  Preferably spread throughout the day  As a replacement for less healthy fats  Quality Matters To gain all benefits:  Choose certified EVOO  Check Italian or Mediterranean origin  Verify harvest date  Store away from light and heat  Our Commitment: Guaranteed Quality  At Oro Naturale, we select only EVOOs that: ✓ Come from certified Italian olive groves ✓ Are cold-pressed mechanically ✓ Have very low acidity (<0.5%) ✓ Are rich in natural polyphenols ✓ Are fully traceable from harvest to bottle  Conclusion  Science is clear: high-quality extra virgin olive oil is a true health elixir. It is not just a condiment but a nutraceutical – a food that nourishes and heals simultaneously.  Investing in a good EVOO means investing in your long-term health.  Scientific Sources:  Harvard Health Publishing: \""High olive oil consumption associated with longevity\""  National Center for Biotechnology Information (NCBI): \""Extra Virgin Olive Oil and Health Benefits\""  UC Davis Health: \""Olive oil health benefits and dietary recommendations\""  Discover our premium extra virgin olive oil selection in our shop , where each bottle tells a story of quality, tradition, and health.""},""fr"":{""title"":""Les Bienfaits Scientifiques de l’Huile d’Olive Extra Vierge pour la Santé"",""excerpt"":""Des études scientifiques montrent que la consommation régulière d’huile d’olive extra vierge peut augmenter la longévité et améliorer de nombreux indicateurs de santé. Découvrez tous les bienfaits confirmés par la recherche."",""content"":""L’huile d’olive extra vierge (EVOO) est reconnue depuis longtemps comme l’un des aliments les plus sains au monde, et la recherche scientifique continue de confirmer ses incroyables bienfaits pour la santé humaine.  Étude Harvard : Longévité et Consommation d’Huile d’Olive  Une étude publiée par Harvard a révélé des résultats surprenants : les personnes consommant plus d’huile d’olive – environ une demi-cuillère à soupe par jour – ont un risque de mortalité inférieur de 19 % par rapport à celles qui en consomment moins.  Bienfaits Cardiovasculaires  Les recherches montrent que l’EVOO :  Réduit la tension artérielle : les acides gras mono-insaturés (MUFA) maintiennent une pression optimale  Améliore le profil lipidique : augmente le HDL (bon) et réduit le LDL (mauvais)  Réduit le risque cardiovasculaire : diminue la formation de plaques dans les artères  Protège contre les maladies cardiaques : effet cardioprotecteur confirmé par de nombreuses études cliniques  Contrôle Glycémique et Diabète  Selon des études publiées dans des revues scientifiques, l’EVOO est supérieur pour gérer les biomarqueurs cliniques, notamment :  Meilleur contrôle glycémique  Réduction de la résistance à l’insuline  Stabilisation de la glycémie  Prévention du diabète de type 2  Propriétés Antioxydantes et Anti-inflammatoires  L’EVOO est riche en :  Polyphénols Puissants antioxydants qui :  Luttent contre le stress oxydatif  Protègent les cellules des radicaux libres  Ralentissent le vieillissement cellulaire  Oléocanthal Composé naturel avec :  Effets anti-inflammatoires similaires à l’ibuprofène  Effets protecteurs contre les maladies neurodégénératives  Bienfaits pour la santé cérébrale  Vitamine E Essentielle pour :  La protection des membranes cellulaires  Le système immunitaire  La santé de la peau  Bienfaits pour le Cerveau  Des études récentes montrent que l’EVOO :  Protège contre le déclin cognitif  Réduit le risque d’Alzheimer  Améliore la mémoire et les fonctions cognitives  Soutient la santé neuronale  Le Régime Méditerranéen  L’EVOO est l’ingrédient central du régime méditerranéen, reconnu par l’UNESCO comme patrimoine culturel immatériel et considéré comme l’un des modèles alimentaires les plus sains au monde.  Pourquoi il fonctionne : La combinaison de :  EVOO comme principale source de graisses  Abondance de fruits et légumes  Céréales complètes  Poissons et légumineuses  Consommation modérée de vin rouge  Crée un effet synergique qui protège contre :  Maladies cardiovasculaires  Diabète  Obésité  Certains cancers  Maladies neurodégénératives  Comment Consommer l’Huile d’Olive pour un Maximum de Bienfaits  À Cru Meilleure façon de préserver les nutriments :  Sur les salades  Sur les légumes cuits  Sur le pain grillé  Comme touche finale des plats  Quantité Recommandée Les experts suggèrent :  2–3 cuillères à soupe par jour (20–30ml)  De préférence réparties dans la journée  En remplacement des graisses moins saines  La Qualité Compte Pour bénéficier pleinement :  Choisir EVOO certifié  Vérifier origine italienne ou méditerranéenne  Contrôler la date de récolte  Conserver à l’abri de la lumière et de la chaleur  Notre Engagement : Qualité Garantie  Chez Oro Naturale, nous sélectionnons uniquement des EVOO qui : ✓ Proviennent de vergers italiens certifiés ✓ Sont pressés à froid mécaniquement ✓ Ont une acidité très faible (<0,5 %) ✓ Sont riches en polyphénols naturels ✓ Sont traçables de la récolte à la bouteille  Conclusion  La science est claire : l’huile d’olive extra vierge de qualité est un véritable élixir de santé. Elle n’est pas seulement un condiment, mais un nutraceutique – un aliment qui nourrit et soigne.  Investir dans un bon EVOO, c’est investir dans sa santé à long terme.  Sources Scientifiques :  Harvard Health Publishing: \""High olive oil consumption associated with longevity\""  NCBI: \""Extra Virgin Olive Oil and Health Benefits\""  UC Davis Health: \""Olive oil health benefits and dietary recommendations\""  Découvrez notre sélection premium d’huiles d’olive extra vierges dans notre shop , où chaque bouteille raconte une histoire de qualité, tradition et santé.""},""es"":{""title"":""Los Beneficios Científicos del Aceite de Oliva Virgen Extra para la Salud"",""excerpt"":""Los estudios científicos demuestran que el consumo regular de aceite de oliva virgen extra puede aumentar la longevidad y mejorar numerosos indicadores de salud. Descubre todos los beneficios confirmados por la investigación."",""content"":""El aceite de oliva virgen extra (EVOO) ha sido reconocido durante mucho tiempo como uno de los alimentos más saludables del mundo, y la investigación científica continúa confirmando sus extraordinarios beneficios para la salud humana.  Estudio de Harvard: Longevidad y Consumo de Aceite de Oliva  Un estudio publicado por Harvard reveló resultados sorprendentes: las personas que consumen más aceite de oliva – aproximadamente media cucharada al día – tienen un 19 % menos de riesgo de mortalidad en comparación con quienes consumen menos.  Beneficios Cardiovasculares  La investigación ha demostrado que el EVOO:  Reduce la presión arterial: Los ácidos grasos monoinsaturados (MUFA) ayudan a mantener la presión en niveles óptimos  Mejora el perfil lipídico: Aumenta el colesterol HDL (bueno) y reduce el LDL (malo)  Disminuye el riesgo cardiovascular: Reduce la formación de placas en las arterias  Protege contra enfermedades cardíacas: Efecto cardioprotector confirmado en múltiples estudios clínicos  Control de la Glucemia y Diabetes  Los estudios publicados en revistas científicas revisadas por pares muestran que el EVOO es superior en la gestión de biomarcadores clínicos, incluyendo:  Mejora del control glucémico  Reducción de la resistencia a la insulina  Estabilización de los niveles de azúcar en sangre  Prevención de la diabetes tipo 2  Propiedades Antioxidantes y Antiinflamatorias  El aceite de oliva virgen extra es rico en:  Polifenoles Potentes antioxidantes que:  Combaten el estrés oxidativo  Protegen las células del daño de los radicales libres  Retardan el envejecimiento celular  Oleocantal Compuesto natural con propiedades:  Antiinflamatorias similares al ibuprofeno  Protectoras frente a enfermedades neurodegenerativas  Beneficiosas para la salud cerebral  Vitamina E Esencial para:  Protección de las membranas celulares  Apoyo al sistema inmunológico  Salud de la piel  Beneficios para el Cerebro  Estudios recientes muestran que el EVOO:  Protege contra el deterioro cognitivo  Reduce el riesgo de Alzheimer  Mejora la memoria y funciones cognitivas  Favorece la salud neuronal  La Dieta Mediterránea  El EVOO es el ingrediente central de la Dieta Mediterránea, reconocida por la UNESCO como Patrimonio Cultural Inmaterial de la Humanidad y considerada por nutricionistas y médicos como uno de los modelos dietéticos más saludables del mundo.  Por qué funciona: La combinación de:  EVOO como principal fuente de grasas  Abundancia de frutas y verduras  Cereales integrales  Pescado y legumbres  Consumo moderado de vino tinto  Crea un efecto sinérgico que protege contra:  Enfermedades cardiovasculares  Diabetes  Obesidad  Algunos tipos de cáncer  Enfermedades neurodegenerativas  Cómo Consumir el Aceite de Oliva para Máximos Beneficios  Crudo La mejor forma de preservar todos los nutrientes:  En ensaladas  Sobre verduras cocidas  En pan tostado  Como toque final de los platos  Cantidad Recomendada Los expertos sugieren:  2–3 cucharadas al día (20–30 ml)  Preferiblemente distribuidas a lo largo del día  Como sustituto de grasas menos saludables  La Calidad Importa Para obtener todos los beneficios:  Elegir EVOO certificado  Comprobar origen italiano o mediterráneo  Verificar fecha de cosecha  Almacenar alejado de la luz y el calor  Nuestro Compromiso: Calidad Garantizada  En Oro Naturale seleccionamos solo EVOOs que: ✓ Provienen de olivares italianos certificados ✓ Se extraen mediante prensado mecánico en frío ✓ Tienen muy baja acidez (<0,5 %) ✓ Son ricos en polifenoles naturales ✓ Son totalmente trazables desde la cosecha hasta la botella  Conclusión  La ciencia es clara: el aceite de oliva virgen extra de calidad es un verdadero elixir de salud. No es solo un condimento, sino un nutracéutico: un alimento que nutre y cuida a la vez.  Invertir en un buen EVOO significa invertir en la salud a largo plazo.  Fuentes Científicas:  Harvard Health Publishing: \""High olive oil consumption associated with longevity\""  NCBI: \""Extra Virgin Olive Oil and Health Benefits\""  UC Davis Health: \""Olive oil health benefits and dietary recommendations\""  Descubre nuestra selección premium de aceites de oliva virgen extra en nuestro shop , donde cada botella cuenta una historia de calidad, tradición y salud.""},""ro"":{""title"":""Beneficiile Științifice ale Uleiului Extravirgin de Măsline pentru Sănătate"",""excerpt"":""Studiile științifice arată că consumul regulat de ulei extravirgin de măsline poate crește longevitatea și îmbunătăți numeroși indicatori de sănătate. Descoperă toate beneficiile confirmate de cercetare."",""content"":""Uleiul extravirgin de măsline (EVOO) este recunoscut de mult timp ca unul dintre cele mai sănătoase alimente din lume, iar cercetările științifice continuă să confirme beneficiile sale extraordinare pentru sănătatea umană.  Studiu Harvard: Longevitate și Consum de Ulei de Măsline  Un studiu publicat de Harvard a arătat rezultate surprinzătoare: persoanele care consumă mai mult ulei de măsline – aproximativ o jumătate de lingură pe zi – au un risc cu 19 % mai mic de deces comparativ cu cei care consumă mai puțin.  Beneficii Cardiovasculare  Cercetările arată că EVOO:  Reduce tensiunea arterială: acizii grași mononesaturați (MUFA) ajută la menținerea presiunii arteriale în limite optime  Îmbunătățește profilul lipidic: crește colesterolul HDL (bun) și reduce LDL (rău)  Reduce riscul cardiovascular: scade formarea plăcilor în artere  Protejează împotriva bolilor de inimă: efect cardioprotector confirmat în multiple studii clinice  Controlul Glicemic și Diabetul  Studiile publicate în reviste științifice arată că EVOO este superior în gestionarea biomarkerilor clinici, inclusiv:  Îmbunătățirea controlului glicemic  Reducerea rezistenței la insulină  Stabilizarea nivelului zahărului din sânge  Prevenirea diabetului de tip 2  Proprietăți Antioxidante și Antiinflamatorii  EVOO este bogat în:  Polifenoli Puternici antioxidanți care:  Combat stresul oxidativ  Protejează celulele împotriva radicalilor liberi  Încetinesc îmbătrânirea celulară  Oleocantal Compus natural cu proprietăți:  Antiinflamatorii similare ibuprofenului  Protectoare împotriva bolilor neurodegenerative  Benefice pentru sănătatea creierului  Vitamina E Esentială pentru:  Protecția membranelor celulare  Susținerea sistemului imunitar  Sănătatea pielii  Beneficii pentru Creier  Studii recente arată că EVOO:  Protejează împotriva declinului cognitiv  Reduce riscul de Alzheimer  Îmbunătățește memoria și funcțiile cognitive  Susține sănătatea neuronală  Dieta Mediteraneană  EVOO este ingredientul central al Dietei Mediteraneene, recunoscută de UNESCO ca Patrimoniu Cultural Imaterial și considerată de nutriționiști și medici ca unul dintre cele mai sănătoase modele alimentare din lume.  De ce funcționează: Combinarea:  EVOO ca principala sursă de grăsimi  Abundență de fructe și legume  Cereale integrale  Pește și leguminoase  Consumul moderat de vin roșu  Creează un efect sinergic care protejează împotriva:  Bolilor cardiovasculare  Diabetului  Obezității  Anumitor tipuri de cancer  Bolilor neurodegenerative  Cum să Consumi Uleiul de Măsline pentru Beneficii Maxime  Crud Cea mai bună metodă de a păstra nutrienții:  Pe salate  Pe legume gătite  Pe pâine prăjită  Ca atingere finală pe preparate  Cantitate Recomandată Experții sugerează:  2–3 linguri pe zi (20–30 ml)  Preferabil distribuite pe parcursul zilei  Ca înlocuitor pentru grăsimi mai puțin sănătoase  Calitatea Contează Pentru a obține toate beneficiile:  Alege EVOO certificat  Verifică origine italiană sau mediteraneană  Verifică data recoltării  Păstrează departe de lumină și căldură  Angajamentul Nostru: Calitate Garantată  La Oro Naturale, selectăm doar EVOO care: ✓ Proven din livezi italiene certificate ✓ Sunt extrase mecanic la rece ✓ Au aciditate foarte scăzută (<0,5 %) ✓ Sunt bogate în polifenoli naturali ✓ Sunt complet trasabile de la recoltare la sticlă  Concluzie  Știința este clară: uleiul extravirgin de măsline de calitate este un adevărat elixir pentru sănătate. Nu este doar un condiment, ci un nutraceutic – un aliment care hrănește și vindecă simultan.  Investiția într-un EVOO bun înseamnă a investi în sănătatea ta pe termen lung.  Surse Științifice:  Harvard Health Publishing: \""High olive oil consumption associated with longevity\""  NCBI: \""Extra Virgin Olive Oil and Health Benefits\""  UC Davis Health: \""Olive oil health benefits and dietary recommendations\""  Descoperă selecția noastră premium de uleiuri extravirgine de măsline în shop , unde fiecare sticlă spune o poveste de calitate, tradiție și sănătate.""}}","691069e63c176058a5b4bf4d","2025-11-09T10:16:06.480000","2025-11-14T10:19:02.578000","690def7378e8f85386a1132e","false"
"Ricette Tradizionali Mediterranee con Olio Extravergine di Oliva","ricette-tradizionali-mediterranee-olio-oliva","Scopri le ricette classiche della cucina mediterranea dove l'olio extravergine di oliva è protagonista. Dal pesto alla bruschetta, dall'hummus alla pasta aglio e olio.","# Ricette Tradizionali con Olio Extravergine di Oliva

L'olio extravergine di oliva non è solo un condimento, ma l'anima della cucina mediterranea. Ecco alcune ricette tradizionali dove l'EVOO è protagonista assoluto.

## 1. Bruschetta Classica

### Ingredienti
- Pane casereccio
- Pomodori maturi
- Aglio fresco
- Basilico
- **Olio EVO Oro Naturale**
- Sale e pepe

### Preparazione
1. Tostate le fette di pane
2. Strofinate l'aglio sul pane ancora caldo
3. Disponete i pomodori a cubetti
4. Condite generosamente con olio EVO
5. Aggiungete basilico, sale e pepe

**Il segreto**: Usate un olio fruttato e intenso per esaltare il sapore dei pomodori.

## 2. Pasta Aglio, Olio e Peperoncino

Un classico della cucina italiana dove l'olio è l'ingrediente principale.

### Ingredienti (4 persone)
- 400g spaghetti
- 4-5 spicchi d'aglio
- 1-2 peperoncini
- **100ml Olio EVO premium**
- Prezzemolo fresco
- Sale

### Preparazione
1. Cuocete gli spaghetti al dente
2. In una padella, fate soffriggere delicatamente aglio e peperoncino nell'olio
3. Unite la pasta scolata
4. Mantecate con prezzemolo fresco
5. Servite immediatamente

**Consiglio dello chef**: La qualità dell'olio fa tutta la differenza in questo piatto semplice!

## 3. Hummus di Ceci

### Ingredienti
- 400g ceci cotti
- 2 cucchiai tahina
- 2 spicchi d'aglio
- Succo di 1 limone
- **4 cucchiai Olio EVO**
- Cumino
- Sale

### Preparazione
1. Frullate tutti gli ingredienti
2. Aggiustate di consistenza con acqua
3. Servite con una spirale di olio EVO
4. Guarnite con paprika e semi di sesamo

## 4. Pesto Genovese Tradizionale

Il re dei condimenti italiani.

### Ingredienti
- 100g basilico fresco
- 30g pinoli
- 50g Parmigiano Reggiano
- 30g Pecorino
- 2 spicchi d'aglio
- **150ml Olio EVO delicato**
- Sale

### Preparazione
1. Nel mortaio (o frullatore) mettete basilico e aglio
2. Aggiungete pinoli e formaggi
3. Incorporate l'olio lentamente
4. Aggiustate di sale

**Tradizione ligure**: L'olio deve essere delicato per non coprire il basilico.

## 5. Insalata Caprese

Semplicità e qualità degli ingredienti.

### Ingredienti
- Pomodori San Marzano
- Mozzarella di bufala
- Basilico fresco
- **Olio EVO di alta qualità**
- Sale marino
- Origano (facoltativo)

### Preparazione
1. Affettate pomodori e mozzarella
2. Alternate su un piatto
3. Condite con olio EVO generoso
4. Sale, basilico e servite

## 6. Focaccia Genovese

### Ingredienti Impasto
- 500g farina 00
- 300ml acqua
- 10g lievito di birra
- 50ml Olio EVO
- 10g sale

### Per la Superficie
- **Olio EVO abbondante**
- Sale grosso
- Rosmarino

### Preparazione
1. Preparate l'impasto e lasciate lievitare 2 ore
2. Stendete sulla teglia oleata
3. Fate i classici ""buchi"" con le dita
4. Versate olio EVO generosamente
5. Spargete sale grosso e rosmarino
6. Cuocete a 220°C per 20 minuti

**Il trucco**: L'olio sulla superficie crea la croccantezza perfetta!

## 7. Caponata Siciliana

### Ingredienti
- 2 melanzane
- 2 sedani
- 1 cipolla
- 400g pomodori pelati
- Olive verdi
- Capperi
- **Olio EVO per friggere e condire**
- Aceto di vino
- Zucchero
- Basilico

### Preparazione
1. Friggete le melanzane a cubetti nell'olio
2. Soffriggete cipolla e sedano
3. Aggiungete pomodori, olive e capperi
4. Unite le melanzane
5. Aggiustate con aceto e zucchero (agrodolce)
6. Servite fredda

## 8. Pinzimonio

Il modo più semplice per apprezzare un grande olio.

### Ingredienti
- Verdure crude di stagione (finocchi, carciofi, carote, sedano, ravanelli)
- **Olio EVO di altissima qualità**
- Sale
- Pepe nero

### Preparazione
1. Pulite e tagliate le verdure a bastoncini
2. In una ciotola mettete olio, sale e pepe
3. Intingete le verdure

**Attenzione**: Con il pinzimonio la qualità dell'olio è FONDAMENTALE!

## Consigli per Cucinare con l'Olio EVO

### Temperature di Cottura
- **A crudo**: Ideale per preservare tutti i nutrienti
- **Cotture leggere**: Fino a 160°C, perfetto
- **Frittura**: L'EVOO regge fino a 190-200°C (punto di fumo alto)

### Abbinamenti
- **Oli delicati**: Pesci, verdure delicate, dolci
- **Oli fruttati medi**: Pasta, zuppe, carni bianche
- **Oli intensi**: Carni rosse, legumi, zuppe robuste

### Conservazione
- Bottiglie scure
- Lontano da fonti di calore
- Consumare entro 12-18 mesi dall'imbottigliamento

## Gli Oli Oro Naturale per le Tue Ricette

### Olio Monocultivar Moraiolo
Perfetto per:
- Bruschette
- Carni rosse
- Zuppe di legumi
- Verdure grigliate

### Olio Monocultivar Frantoio
Ideale per:
- Pasta
- Pesce
- Insalate
- Pinzimonio

### Oli Aromatizzati
- **Al Limone**: Perfetto per pesce e insalate
- **Al Peperoncino**: Ideale per pasta e pizze
- **All'Aglio**: Ottimo per bruschette e carni
- **Al Tartufo**: Sublime su risotti e pasta

## Link Utili per Approfondire

- [Ricette GialloZafferano con Olio EVO](https://ricette.giallozafferano.it/ricette-con-Olio-extravergine-d-oliva/)
- [Come utilizzare l'olio d'oliva in cucina](https://www.laudemiofrescobaldi.com/it/il-mio-diario/olio-di-oliva-per-cucinare)

## Conclusione

L'olio extravergine di oliva è l'ingrediente che trasforma piatti semplici in capolavori. La qualità dell'olio che scegliete fa la differenza tra un piatto buono e uno indimenticabile.

**Provate le nostre ricette con gli oli Oro Naturale e scoprite la vera differenza della qualità italiana!**

---

*Visitate il nostro [shop](#) per scoprire la nostra selezione di oli extravergini di oliva premium, perfetti per ogni ricetta.*","https://static.wixstatic.com/media/2c4d86_a0876df3ed8f4649ba8069783d7d5a15~mv2.jpg/v1/fill/w_568,h_378,al_c,q_80,usm_0.66_1.00_0.01,enc_avif,quality_auto/2c4d86_a0876df3ed8f4649ba8069783d7d5a15~mv2.jpg","recipes","true","Chef Giuseppe ","{""en"":{""title"":""Traditional Mediterranean Recipes with Extra Virgin Olive Oil"",""excerpt"":""Discover the classic Mediterranean cuisine recipes where extra virgin olive oil takes the spotlight. From pesto to bruschetta, from hummus to garlic and oil pasta."",""content"":""Extra virgin olive oil is not just a condiment—it’s the soul of Mediterranean cuisine. Here are some traditional recipes where EVOO takes center stage.  1. Classic Bruschetta  Ingredients  Rustic bread  Ripe tomatoes  Fresh garlic  Basil  Oro Naturale EVOO  Salt and pepper  Preparation  Toast the bread slices  Rub garlic on the warm bread  Top with diced tomatoes  Generously drizzle EVOO  Add basil, salt, and pepper  Chef’s tip: Use a fruity, intense oil to enhance the tomato flavor.  2. Spaghetti Aglio, Olio e Peperoncino  A classic Italian dish where oil is the main ingredient.  Ingredients (4 servings)  400g spaghetti  4–5 garlic cloves  1–2 chili peppers  100ml premium EVOO  Fresh parsley  Salt  Preparation  Cook spaghetti al dente  Gently sauté garlic and chili in oil  Toss in the drained pasta  Finish with fresh parsley  Serve immediately  Chef’s tip: The quality of the oil makes all the difference in this simple dish!  3. Chickpea Hummus  Ingredients  400g cooked chickpeas  2 tbsp tahini  2 garlic cloves  Juice of 1 lemon  4 tbsp EVOO  Cumin  Salt  Preparation  Blend all ingredients  Adjust consistency with water  Serve with a swirl of EVOO  Garnish with paprika and sesame seeds  4. Traditional Genovese Pesto  The king of Italian condiments.  Ingredients  100g fresh basil  30g pine nuts  50g Parmigiano Reggiano  30g Pecorino  2 garlic cloves  150ml delicate EVOO  Salt  Preparation  In a mortar or blender, mix basil and garlic  Add pine nuts and cheeses  Slowly incorporate the oil  Adjust salt to taste  Tip: Use delicate oil so it doesn’t overpower the basil.  5. Caprese Salad  Simplicity and quality of ingredients.  Ingredients  San Marzano tomatoes  Buffalo mozzarella  Fresh basil  High-quality EVOO  Sea salt  Oregano (optional)  Preparation  Slice tomatoes and mozzarella  Alternate on a plate  Generously drizzle EVOO  Season with salt, basil, and serve  6. Genovese Focaccia  Dough Ingredients  500g flour  300ml water  10g fresh yeast  50ml EVOO  10g salt  Topping  Generous EVOO  Coarse salt  Rosemary  Preparation  Prepare dough and let rise 2 hours  Spread on an oiled baking tray  Make finger dimples  Pour EVOO generously  Sprinkle salt and rosemary  Bake at 220°C for 20 minutes  Tip: Oil on top creates perfect crunchiness!  7. Sicilian Caponata  Ingredients  2 eggplants  2 celery stalks  1 onion  400g peeled tomatoes  Green olives  Capers  EVOO for frying and dressing  Wine vinegar  Sugar  Basil  Preparation  Fry eggplant cubes in oil  Sauté onion and celery  Add tomatoes, olives, and capers  Mix in eggplant  Season with vinegar and sugar (sweet and sour)  Serve cold  8. Pinzimonio  The simplest way to appreciate a great oil.  Ingredients  Raw seasonal vegetables (fennel, artichokes, carrots, celery, radishes)  Highest-quality EVOO  Salt  Black pepper  Preparation  Clean and cut vegetables into sticks  Mix oil, salt, and pepper in a bowl  Dip the vegetables  Tip: Quality oil is ESSENTIAL for pinzimonio!  Cooking Tips with EVOO  Raw: Best to preserve nutrients  Light cooking: Up to 160°C, perfect  Frying: EVOO withstands 190–200°C  Pairings  Delicate oils: fish, delicate vegetables, desserts  Medium fruity oils: pasta, soups, white meats  Intense oils: red meats, legumes, robust soups  Storage  Dark bottles  Away from heat  Consume within 12–18 months from bottling  Oro Naturale Oils for Your Recipes  Monocultivar Moraiolo: Bruschetta, red meats, legume soups, grilled vegetables Monocultivar Frantoio: Pasta, fish, salads, pinzimonio Flavored Oils: Lemon (fish/salads), Chili (pasta/pizza), Garlic (bruschetta/meats), Truffle (risotto/pasta)  Useful Links  GialloZafferano EVOO Recipes  How to Cook with Olive Oil  Conclusion  Extra virgin olive oil transforms simple dishes into masterpieces. The quality of the oil you choose makes the difference between a good and an unforgettable dish.  Try our recipes with Oro Naturale oils and discover the true taste of Italian quality!  Visit our shop  to explore our premium EVOO selection, perfect for every recipe.""},""fr"":{""title"":""Recettes Méditerranéennes Traditionnelles à l’Huile d’Olive Vierge Extra"",""excerpt"":""Découvrez les recettes classiques de la cuisine méditerranéenne où l’huile d’olive vierge extra est à l’honneur. Du pesto à la bruschetta, de l’houmous aux pâtes à l’ail et à l’huile."",""content"":""L’huile d’olive vierge extra n’est pas seulement un condiment, c’est l’âme de la cuisine méditerranéenne. Voici quelques recettes traditionnelles où l’EVOO est la star.  1. Bruschetta Classique  Ingrédients  Pain rustique  Tomates mûres  Ail frais  Basilic  Huile EVO Oro Naturale  Sel et poivre  Préparation  Faites griller les tranches de pain  Frottez l’ail sur le pain chaud  Disposez les tomates en dés  Arrosez généreusement d’huile EVO  Ajoutez basilic, sel et poivre  Astuce du chef : Utilisez une huile fruitée et intense pour exalter la saveur des tomates.  2. Spaghetti Aglio, Olio e Peperoncino  Un classique italien où l’huile est l’ingrédient principal.  Ingrédients (4 personnes)  400 g de spaghetti  4–5 gousses d’ail  1–2 piments  100 ml d’EVOO premium  Persil frais  Sel  Préparation  Cuire les spaghetti al dente  Faire revenir doucement l’ail et le piment dans l’huile  Ajouter les pâtes égouttées  Mélanger avec le persil frais  Servir immédiatement  Conseil du chef : La qualité de l’huile fait toute la différence dans ce plat simple !  3. Houmous de Pois Chiches  Ingrédients  400 g de pois chiches cuits  2 c. à soupe de tahini  2 gousses d’ail  Jus d’un citron  4 c. à soupe d’EVOO  Cumin  Sel  Préparation  Mixer tous les ingrédients  Ajuster la consistance avec un peu d’eau  Servir avec un filet d’EVOO  Décorer avec paprika et graines de sésame  4. Pesto Génois Traditionnel  Le roi des condiments italiens.  Ingrédients  100 g de basilic frais  30 g de pignons de pin  50 g de Parmigiano Reggiano  30 g de Pecorino  2 gousses d’ail  150 ml d’EVOO délicat  Sel  Préparation  Dans un mortier ou mixeur, mettre le basilic et l’ail  Ajouter les pignons et les fromages  Incorporer lentement l’huile  Ajuster le sel  Astuce : Utiliser une huile délicate pour ne pas masquer le basilic.  5. Salade Caprese  Simplicité et qualité des ingrédients.  Ingrédients  Tomates San Marzano  Mozzarella de bufflonne  Basilic frais  Huile EVO de haute qualité  Sel marin  Origan (facultatif)  Préparation  Trancher les tomates et la mozzarella  Alterner sur une assiette  Arroser généreusement d’huile EVO  Ajouter sel, basilic et servir  6. Focaccia Génoise  Ingrédients pour la pâte  500 g de farine  300 ml d’eau  10 g de levure fraîche  50 ml d’EVOO  10 g de sel  Pour la surface  EVOO généreux  Gros sel  Romarin  Préparation  Préparer la pâte et laisser lever 2 heures  Étaler sur une plaque huilée  Faire les traditionnels \""trous\"" avec les doigts  Verser généreusement de l’EVOO  Saupoudrer sel et romarin  Cuire à 220 °C pendant 20 min  Astuce : L’huile sur le dessus crée le croustillant parfait !  7. Caponata Sicilienne  Ingrédients  2 aubergines  2 branches de céleri  1 oignon  400 g de tomates pelées  Olives vertes  Câpres  EVOO pour frire et assaisonner  Vinaigre de vin  Sucre  Basilic  Préparation  Faire frire les aubergines en cubes dans l’huile  Faire revenir l’oignon et le céleri  Ajouter tomates, olives et câpres  Incorporer les aubergines  Assaisonner avec vinaigre et sucre (aigre-doux)  Servir froid  8. Pinzimonio  La façon la plus simple d’apprécier une excellente huile.  Ingrédients  Légumes crus de saison (fenouil, artichauts, carottes, céleri, radis)  EVOO de très haute qualité  Sel  Poivre noir  Préparation  Nettoyer et couper les légumes en bâtonnets  Mélanger huile, sel et poivre dans un bol  Tremper les légumes  Astuce : Avec le pinzimonio, la qualité de l’huile est FONDAMENTALE !  Conseils pour Cuisiner avec l’EVOO  Cru : Idéal pour préserver tous les nutriments  Cuissons légères : Jusqu’à 160 °C, parfait  Friture : L’EVOO supporte jusqu’à 190–200 °C  Accords  Huiles délicates : poissons, légumes délicats, desserts  Huiles fruitées moyennes : pâtes, soupes, viandes blanches  Huiles intenses : viandes rouges, légumineuses, soupes robustes  Conservation  Bouteilles foncées  À l’abri de la chaleur  À consommer sous 12–18 mois après mise en bouteille  Huiles Oro Naturale pour vos recettes  Monocultivar Moraiolo : Bruschette, viandes rouges, soupes de légumineuses, légumes grillés Monocultivar Frantoio : Pâtes, poisson, salades, pinzimonio Huiles aromatisées : Citron (poisson/salades), Piment (pâtes/pizza), Ail (bruschette/viandes), Truffe (risotto/pâtes)  Liens utiles  Recettes GialloZafferano EVOO  Comment utiliser l’huile d’olive en cuisine  Conclusion  L’huile d’olive vierge extra transforme les plats simples en chefs-d’œuvre. La qualité de l’huile choisie fait la différence entre un plat bon et un plat inoubliable.  Essayez nos recettes avec les huiles Oro Naturale et découvrez la vraie différence de la qualité italienne !  Visitez notre shop  pour découvrir notre sélection premium d’EVOO, parfait pour chaque recette.""},""es"":{""title"":""Recetas Mediterráneas Tradicionales con Aceite de Oliva Virgen Extra"",""excerpt"":""Descubre las recetas clásicas de la cocina mediterránea donde el aceite de oliva virgen extra es protagonista. Desde el pesto hasta la bruschetta, del hummus a la pasta con ajo y aceite."",""content"":""El aceite de oliva virgen extra no es solo un condimento, es el alma de la cocina mediterránea. Aquí algunas recetas tradicionales donde el EVOO es protagonista.  1. Bruschetta Clásica  Ingredientes  Pan rústico  Tomates maduros  Ajo fresco  Albahaca  Aceite EVO Oro Naturale  Sal y pimienta  Preparación  Tostar las rebanadas de pan  Frotar ajo sobre el pan caliente  Colocar los tomates en cubos  Añadir generosamente el aceite EVO  Agregar albahaca, sal y pimienta  Consejo del chef: Usa un aceite afrutado e intenso para realzar el sabor de los tomates.  2. Spaghetti Aglio, Olio e Peperoncino  Un clásico italiano donde el aceite es el ingrediente principal.  Ingredientes (4 personas)  400 g de spaghetti  4–5 dientes de ajo  1–2 chiles  100 ml de EVOO premium  Perejil fresco  Sal  Preparación  Cocer la pasta al dente  Sofreír suavemente el ajo y el chile en aceite  Mezclar con la pasta escurrida  Añadir perejil fresco  Servir inmediatamente  Consejo del chef: ¡La calidad del aceite marca la diferencia en este plato sencillo!  3. Hummus de Garbanzos  Ingredientes  400 g de garbanzos cocidos  2 cucharadas de tahini  2 dientes de ajo  Jugo de 1 limón  4 cucharadas de EVOO  Comino  Sal  Preparación  Triturar todos los ingredientes  Ajustar la consistencia con agua  Servir con un remolino de EVOO  Decorar con pimentón y semillas de sésamo  4. Pesto Genovés Tradicional  El rey de los condimentos italianos.  Ingredientes  100 g de albahaca fresca  30 g de piñones  50 g de Parmigiano Reggiano  30 g de Pecorino  2 dientes de ajo  150 ml de EVOO delicado  Sal  Preparación  En mortero o batidora, poner la albahaca y el ajo  Añadir piñones y quesos  Incorporar lentamente el aceite  Ajustar la sal  Consejo: Usar un aceite delicado para no cubrir el sabor de la albahaca.  5. Ensalada Caprese  Simplicidad y calidad de los ingredientes.  Ingredientes  Tomates San Marzano  Mozzarella de búfala  Albahaca fresca  Aceite EVO de alta calidad  Sal marina  Orégano (opcional)  Preparación  Cortar tomates y mozzarella  Alternar en un plato  Añadir generosamente aceite EVO  Sal, albahaca y servir  6. Focaccia Genovesa  Ingredientes para la masa  500 g de harina  300 ml de agua  10 g de levadura fresca  50 ml de EVOO  10 g de sal  Para la superficie  EVOO generoso  Sal gruesa  Romero  Preparación  Preparar la masa y dejar reposar 2 horas  Extender en bandeja engrasada  Hacer los característicos “hoyos” con los dedos  Verter aceite EVO generosamente  Espolvorear sal gruesa y romero  Hornear a 220 °C durante 20 min  Consejo: ¡El aceite en la superficie crea el crujiente perfecto!  7. Caponata Siciliana  Ingredientes  2 berenjenas  2 ramas de apio  1 cebolla  400 g de tomates pelados  Aceitunas verdes  Alcaparras  EVOO para freír y aliñar  Vinagre de vino  Azúcar  Albahaca  Preparación  Freír las berenjenas en cubos en aceite  Sofreír cebolla y apio  Añadir tomates, aceitunas y alcaparras  Incorporar las berenjenas  Ajustar con vinagre y azúcar (agridulce)  Servir frío  8. Pinzimonio  La forma más sencilla de disfrutar un buen aceite.  Ingredientes  Verduras crudas de temporada (hinojo, alcachofa, zanahoria, apio, rábanos)  EVOO de altísima calidad  Sal  Pimienta negra  Preparación  Limpiar y cortar las verduras en bastones  Mezclar aceite, sal y pimienta en un bol  Sumergir las verduras  Consejo: ¡La calidad del aceite es FUNDAMENTAL!  Consejos de cocina con EVOO  Crudo: Mejor para conservar nutrientes  Cocciones ligeras: Hasta 160 °C, perfecto  Freír: EVOO soporta hasta 190–200 °C  Maridajes  Aceites delicados: pescado, verduras delicadas, postres  Aceites frutados medios: pasta, sopas, carnes blancas  Aceites intensos: carnes rojas, legumbres, sopas robustas  Conservación  Botellas oscuras  Alejado de fuentes de calor  Consumir en 12–18 meses desde el embotellado  Aceites Oro Naturale para tus recetas  Monocultivar Moraiolo: Bruschetta, carnes rojas, sopas de legumbres, verduras a la parrilla Monocultivar Frantoio: Pasta, pescado, ensaladas, pinzimonio Aceites aromatizados: Limón (pescado/ensaladas), Chile (pasta/pizza), Ajo (bruschetta/carnes), Trufa (risotto/pasta)  Conclusión El aceite de oliva virgen extra transforma platos sencillos en obras maestras. La calidad del aceite marca la diferencia entre un plato bueno y uno inolvidable.  Prueba nuestras recetas con los aceites Oro Naturale y descubre la verdadera diferencia de la calidad italiana!  Visita nuestro shop  para descubrir nuestra selección premium de EVOO, perfecto para cada receta.""},""ro"":{""title"":""Rețete Tradiționale Mediteraneene cu Ulei de Măsline Extra Virgine"",""excerpt"":""Descoperă rețetele clasice ale bucătăriei mediteraneene în care uleiul de măsline extra virgin este vedeta. De la pesto la bruschetta, de la hummus la paste cu usturoi și ulei."",""content"":""Uleiul extravirgin de măsline (EVOO) nu este doar un condiment, ci sufletul bucătăriei mediteraneene. Iată câteva rețete tradiționale în care EVOO este vedeta.  1. Bruschetta Clasică  Ingrediente  Pâine rustică  Roșii coapte  Usturoi proaspăt  Busuioc  Ulei EVO Oro Naturale  Sare și piper  Preparare  Prajiți feliile de pâine  Frecați usturoiul pe pâinea caldă  Așezați roșiile tăiate cubulețe  Adăugați generos ulei EVO  Puneți busuioc, sare și piper  Sfatul bucătarului: Folosiți un ulei intens și fructat pentru a evidenția aroma roșiilor.  2. Spaghetti Aglio, Olio e Peperoncino  Un clasic italian unde uleiul este ingredientul principal.  Ingrediente (4 persoane)  400 g spaghetti  4–5 căței de usturoi  1–2 ardei iuți  100 ml EVOO premium  Pătrunjel proaspăt  Sare  Preparare  Fierbeți pastele al dente  Căliți ușor usturoiul și ardeiul în ulei  Amestecați cu pastele scurse  Adăugați pătrunjel proaspăt  Serviți imediat  Sfatul bucătarului: Calitatea uleiului face toată diferența în acest preparat simplu!  3. Hummus de Năut  Ingrediente  400 g năut fiert  2 linguri tahini  2 căței de usturoi  Sucul de la 1 lămâie  4 linguri EVOO  Chimen  Sare  Preparare  Mixează toate ingredientele  Ajustează consistența cu apă  Servește cu un strop de EVOO  Decorează cu paprika și semințe de susan  4. Pesto Genovez Tradițional  Regele condimentelor italiene.  Ingrediente  100 g busuioc proaspăt  30 g muguri de pin  50 g Parmigiano Reggiano  30 g Pecorino  2 căței de usturoi  150 ml EVOO delicat  Sare  Preparare  În mojar sau blender, pune busuiocul și usturoiul  Adaugă mugurii de pin și brânza  Încorporează uleiul treptat  Potrivește de sare  Sfat: Folosiți un ulei delicat pentru a nu acoperi aroma busuiocului.  5. Salată Caprese  Simplitate și calitatea ingredientelor.  Ingrediente  Roșii San Marzano  Mozzarella de bivoliță  Busuioc proaspăt  Ulei EVO de înaltă calitate  Sare de mare  Oregano (opțional)  Preparare  Feliază roșiile și mozzarella  Alternați pe farfurie  Adăugați generos ulei EVO  Sare, busuioc și serviți  6. Focaccia Genoveză  Ingrediente pentru aluat  500 g făină  300 ml apă  10 g drojdie proaspătă  50 ml EVOO  10 g sare  Pentru suprafață  EVOO generos  Sare grunjoasă  Rozmarin  Preparare  Pregătiți aluatul și lăsați-l să crească 2 ore  Întindeți aluatul pe tava unsă cu ulei  Faceți „găuri” cu degetele  Turnați ulei EVO generos  Presărați sare grunjoasă și rozmarin  Coaceți la 220 °C timp de 20 minute  Sfat: Uleiul de deasupra creează crustă perfectă!  7. Caponata Siciliană  Ingrediente  2 vinete  2 tulpini de țelină  1 ceapă  400 g roșii decojite  Măsline verzi  Capere  EVOO pentru prăjit și așezat  Oțet de vin  Zahăr  Busuioc  Preparare  Prăjiți vinetele tăiate cuburi în ulei  Căliți ceapa și țelina  Adăugați roșiile, măslinele și caperele  Încorporați vinetele  Ajustați cu oțet și zahăr (dulce-acrișor)  Serviți rece  8. Pinzimonio  Cea mai simplă modalitate de a aprecia un ulei excelent.  Ingrediente  Legume crude de sezon (fenicul, anghinare, morcov, țelină, ridichi)  EVOO de calitate superioară  Sare  Piper negru  Preparare  Curățați și tăiați legumele bastonașe  Amestecați ulei, sare și piper într-un bol  Înmuiați legumele  Sfat: La Pinzimonio, calitatea uleiului este FUNDAMENTALĂ!  Sfaturi pentru gătitul cu EVOO  La rece: Ideal pentru a păstra toți nutrienții  Gătit ușor: Până la 160 °C, perfect  Prăjit: EVOO rezistă până la 190–200 °C  Asocieri  Uleiuri delicate: pește, legume delicate, deserturi  Uleiuri mediu-fructate: paste, supe, carne albă  Uleiuri intense: carne roșie, leguminoase, supe consistente  Păstrare  Sticle întunecate  Departe de surse de căldură  A se consuma în 12–18 luni de la îmbuteliere  Uleiuri Oro Naturale pentru rețetele tale  Monocultivar Moraiolo: Bruschetta, carne roșie, supe de leguminoase, legume la grătar Monocultivar Frantoio: Paste, pește, salate, pinzimonio Uleiuri aromatizate: Lămâie (pește/salate), Ardei iute (paste/pizza), Usturoi (bruschetta/carne), Trufe (risotto/paste)  Linkuri utile  Rețete GialloZafferano cu EVOO  Cum să folosești uleiul de măsline în bucătărie  Concluzie  Uleiul extravirgin de măsline transformă preparatele simple în opere de artă. Calitatea uleiului ales face diferența între un preparat bun și unul de neuitat.  Încercați rețetele noastre cu uleiurile Oro Naturale și descoperiți adevărata diferență a calității italiene!  Vizitați shop-ul nostru  pentru a descoperi selecția noastră premium de EVOO, perfectă pentru orice rețetă.""}}","691069e63c176058a5b4bf4e","2025-11-09T10:16:06.480000","2025-11-14T10:25:23.686000","690def7378e8f85386a1132e","false"
"Raccolto 2025/2026: La Scarsità dell'Olio Extravergine in Umbria e Toscana","raccolto-2025-2026-scarsita-olio-umbria-toscana","Un'analisi della drastica riduzione del raccolto di olive nella stagione 2025/2026 nelle regioni cardine della produzione olearia italiana. Scopri perché quest'anno l'olio extravergine sarà così limitato.","# La Scarsità del Raccolto 2025/2026

La stagione olearia 2025/2026 si presenta come una delle più difficili degli ultimi decenni per le regioni dell'Umbria e della Toscana, tradizionalmente considerate il cuore pulsante della produzione di olio extravergine di oliva italiano di qualità.

## Una Riduzione Drastica

I dati sono allarmanti: **la produzione di olio extravergine di oliva per questa stagione si attesta a circa il 60% rispetto all'anno precedente**. Questo significa che le quantità disponibili sono estremamente limitate, rendendo ogni bottiglia ancora più preziosa.

### Le Cause della Scarsità

Diversi fattori hanno contribuito a questa situazione:

- **Condizioni climatiche avverse**: gelate tardive in primavera e periodi di siccità estiva hanno compromesso la fioritura e l'allegagione
- **Stress idrico**: la mancanza di piogge nei momenti cruciali ha ridotto la dimensione e la resa delle olive
- **Alternanza di produzione**: fenomeno naturale che vede gli ulivi alternare annate di carica e scarica
- **Pressione fitopatologica**: la mosca dell'olivo e altri parassiti hanno trovato condizioni favorevoli

## L'Impatto sui Produttori

Per i produttori artigianali come quelli selezionati da Oro Naturale, questa scarsità rappresenta una sfida importante. Molti olivicoltori hanno raccolto meno della metà rispetto alle annate normali, concentrando gli sforzi sulla qualità piuttosto che sulla quantità.

### Qualità Prima di Tutto

Nonostante le difficoltà, **la qualità dell'olio prodotto rimane eccellente**. Le olive raccolte, seppur in quantità ridotta, hanno mantenuto le loro caratteristiche organolettiche superiori, garantendo un prodotto finale di altissimo livello.

## Cosa Significa per i Consumatori

### Disponibilità Limitata

Le scorte di olio extravergine di oliva di qualità saranno limitate per tutta la stagione. È consigliabile:

- **Acquistare con anticipo** le quantità necessarie
- **Conservare correttamente** l'olio in luoghi freschi e al riparo dalla luce
- **Apprezzare ancora di più** ogni goccia di questo prezioso oro verde

### Valore Aumentato

La scarsità naturalmente influenza il valore del prodotto. **Ogni bottiglia diventa ancora più preziosa**, rappresentando non solo un condimento, ma un vero e proprio tesoro gastronomico da utilizzare con consapevolezza.

## La Selezione di Oro Naturale

Noi di **Oro Naturale** abbiamo lavorato intensamente per garantire ai nostri clienti l'accesso a oli di qualità superiore, anche in questa annata difficile:

- Abbiamo selezionato i migliori produttori dell'Umbria e della Toscana
- Garantiamo tracciabilità totale di ogni bottiglia
- Offriamo solo oli estratti a freddo con metodi meccanici
- Certificazioni biologiche e di origine controllata

### I Nostri Oli Monocultivar

Particolarmente limitati quest'anno sono i nostri prestigiosi oli **monocultivar Moraiolo e Frantoio**, disponibili in formati da 250ml e 500ml. Questi oli rappresentano l'essenza della tradizione olearia umbra e sono disponibili in quantità molto ridotte.

## Prospettive Future

Gli esperti del settore sono cauti nelle previsioni per la prossima stagione. È fondamentale che:

- I produttori continuino ad investire nella cura degli oliveti
- Si adottino pratiche agricole sostenibili
- Si valorizzi la qualità rispetto alla quantità
- I consumatori riconoscano il valore del vero olio extravergine italiano

## Conclusione

La stagione 2025/2026 ci ricorda quanto sia prezioso l'olio extravergine di oliva di qualità e quanto sia importante **sostenere i produttori artigianali** che, nonostante le difficoltà, continuano a garantire eccellenza e autenticità.

**Ogni bottiglia di quest'anno racconta una storia di dedizione, passione e resilienza**. È il momento di apprezzare ancora di più questo dono della natura e di utilizzarlo consapevolmente, sapendo che stiamo gustando qualcosa di davvero speciale e limitato.

---

*Per rimanere aggiornati sulla disponibilità dei nostri oli e per scoprire la nostra selezione premium, visitate il nostro shop o contattateci direttamente. Le quantità sono limitate e consigliamo di non attendere.*","https://d2u1z1lopyfwlx.cloudfront.net/thumbnails/59dd1a00-5c35-5da4-8b0c-ab32dc33cf0d/8daa22ea-c0bd-5bbb-8fe2-7d4f07b1387f.jpg","olive_oil","true","Team Oro Naturale","{""en"":{""title"":""2025/2026 Harvest: The Scarcity of Extra Virgin Olive Oil in Umbria and Tuscany"",""excerpt"":""An analysis of the drastic reduction in the 2025/2026 olive harvest in the key regions of Italian olive oil production. Discover why extra virgin olive oil will be so limited this year."",""content"":""The 2025/2026 olive season is shaping up as one of the most challenging in decades for the Umbria and Tuscany regions, traditionally the heart of high-quality Italian extra virgin olive oil production.  A Drastic Reduction  The data is alarming: extra virgin olive oil production this season is around 60% of last year’s output. This means the quantities available are extremely limited, making each bottle even more precious.  Causes of Scarcity  Several factors have contributed:  Adverse weather conditions: late spring frosts and summer droughts affected flowering and fruit set  Water stress: lack of rainfall at crucial times reduced olive size and yield  Alternate bearing: a natural phenomenon in which olive trees alternate between high and low production years  Pest pressure: olive fly and other pests found favorable conditions  Impact on Producers  For artisanal producers like those selected by Oro Naturale, this scarcity represents a significant challenge. Many farmers harvested less than half of a normal year, focusing on quality rather than quantity.  Quality Comes First  Despite difficulties, the quality of the oil remains excellent. The olives harvested, though fewer in number, retained superior organoleptic properties, ensuring a top-level final product.  What This Means for Consumers  Limited Availability Premium extra virgin olive oil stocks will be limited throughout the season. Recommended actions:  Purchase in advance to secure your required quantities  Store properly in cool, dark places  Appreciate every drop of this precious green gold  Increased Value Scarcity naturally raises the product’s value. Each bottle becomes even more precious, not just a condiment but a gastronomic treasure to use mindfully.  Oro Naturale Selection  At Oro Naturale, we have worked intensively to ensure our clients access superior quality oils, even in this challenging year:  Selected the best producers in Umbria and Tuscany  Guaranteed total traceability of every bottle  Only cold-pressed mechanical extraction  Organic and controlled-origin certifications  Our Monocultivar Oils  Particularly limited this year are our prestigious Moraiolo and Frantoio monocultivar oils, available in 250ml and 500ml bottles. These oils embody the essence of Umbria’s olive oil tradition and are available in very limited quantities.  Future Outlook  Experts are cautious about predictions for the next season. It is crucial that:  Producers continue investing in olive grove care  Sustainable agricultural practices are adopted  Quality is valued over quantity  Consumers recognize the value of true Italian extra virgin olive oil  Conclusion  The 2025/2026 season reminds us how precious high-quality extra virgin olive oil is and the importance of supporting artisanal producers who continue to deliver excellence and authenticity. Every bottle this year tells a story of dedication, passion, and resilience. It is time to cherish this gift of nature and use it consciously, knowing we are tasting something truly special and limited.  Stay updated on our oil availability and discover our premium selection by visiting our shop or contacting us directly. Quantities are limited, so we recommend acting promptly.""},""fr"":{""title"":""Récolte 2025/2026 : La rareté de l’huile d’olive extra vierge en Ombrie et en Toscane"",""excerpt"":""Une analyse de la réduction drastique de la récolte d’olives en 2025/2026 dans les régions clés de la production d’huile d’olive italienne. Découvrez pourquoi l’huile d’olive extra vierge sera si limitée cette année."",""content"":""La saison oléicole 2025/2026 s’annonce comme l’une des plus difficiles depuis des décennies pour les régions de l’Ombrie et de la Toscane, traditionnellement au cœur de la production d’huile d’olive extra vierge italienne de qualité.  Une Réduction Drastique  Les chiffres sont alarmants : la production d’huile d’olive extra vierge cette saison est d’environ 60 % par rapport à l’année précédente. Cela signifie que les quantités disponibles sont très limitées, rendant chaque bouteille encore plus précieuse.  Causes de la Rarete  Conditions climatiques défavorables : gelées tardives et sécheresse estivale affectant la floraison et la fructification  Stress hydrique : manque de pluie aux moments clés réduisant la taille et le rendement des olives  Alternance de production : phénomène naturel où les oliviers alternent années de forte et faible production  Pression parasitaire : la mouche de l’olive et autres ravageurs ont trouvé des conditions favorables  Impact sur les Producteurs  Pour les producteurs artisanaux sélectionnés par Oro Naturale, cette rareté constitue un véritable défi. Beaucoup ont récolté moins de la moitié de la production habituelle, privilégiant la qualité à la quantité.  La Qualité Avant Tout  Malgré les difficultés, la qualité de l’huile reste excellente. Les olives récoltées, bien que moins nombreuses, ont conservé leurs propriétés organoleptiques supérieures, garantissant un produit final de haut niveau.  Pour les Consommateurs  Disponibilité Limitée Les stocks d’huile extra vierge de qualité seront restreints. Conseils :  Acheter à l’avance  Conserver correctement dans un endroit frais et à l’abri de la lumière  Apprécier chaque goutte de cet or vert précieux  Valeur Accrue La rareté augmente naturellement la valeur du produit. Chaque bouteille devient un trésor gastronomique à utiliser avec discernement.  Sélection Oro Naturale  Nous avons sélectionné les meilleurs producteurs d’Ombrie et de Toscane, garantissons la traçabilité totale, proposons uniquement des huiles pressées à froid et certifiées biologiques et d’origine contrôlée.  Nos Huiles Monocultivar  Particulièrement limitées cette année : nos prestigieuses huiles Moraiolo et Frantoio en bouteilles de 250 ml et 500 ml, essence de la tradition oléicole umbrienne.  Perspectives Futures  Il est crucial que :  Les producteurs continuent d’investir dans l’entretien des oliveraies  Les pratiques agricoles durables soient adoptées  La qualité soit valorisée plutôt que la quantité  Les consommateurs reconnaissent la valeur du véritable EVO italien  Conclusion  La saison 2025/2026 rappelle l’importance de soutenir les producteurs artisanaux. Chaque bouteille raconte une histoire de passion et de résilience. Apprécions cet or vert avec conscience.  Pour suivre la disponibilité de nos huiles et découvrir notre sélection premium, visitez notre boutique ou contactez-nous directement. Les quantités sont limitées.""},""es"":{""title"":""Cosecha 2025/2026: La escasez de aceite de oliva virgen extra en Umbría y Toscana"",""excerpt"":""Un análisis de la drástica reducción de la cosecha de aceitunas en la temporada 2025/2026 en las regiones clave de la producción de aceite de oliva italiano. Descubre por qué este año el aceite virgen extra será tan limitado."",""content"":""ChatGPT ha detto:  Ecco una versione tradotta in inglese, francese, spagnolo e rumeno del tuo testo, mantenendo tono professionale e commerciale:  EN — The Scarcity of the 2025/2026 Harvest  The 2025/2026 olive season is shaping up as one of the most challenging in decades for the Umbria and Tuscany regions, traditionally the heart of high-quality Italian extra virgin olive oil production.  A Drastic Reduction  The data is alarming: extra virgin olive oil production this season is around 60% of last year’s output. This means the quantities available are extremely limited, making each bottle even more precious.  Causes of Scarcity  Several factors have contributed:  Adverse weather conditions: late spring frosts and summer droughts affected flowering and fruit set  Water stress: lack of rainfall at crucial times reduced olive size and yield  Alternate bearing: a natural phenomenon in which olive trees alternate between high and low production years  Pest pressure: olive fly and other pests found favorable conditions  Impact on Producers  For artisanal producers like those selected by Oro Naturale, this scarcity represents a significant challenge. Many farmers harvested less than half of a normal year, focusing on quality rather than quantity.  Quality Comes First  Despite difficulties, the quality of the oil remains excellent. The olives harvested, though fewer in number, retained superior organoleptic properties, ensuring a top-level final product.  What This Means for Consumers  Limited Availability Premium extra virgin olive oil stocks will be limited throughout the season. Recommended actions:  Purchase in advance to secure your required quantities  Store properly in cool, dark places  Appreciate every drop of this precious green gold  Increased Value Scarcity naturally raises the product’s value. Each bottle becomes even more precious, not just a condiment but a gastronomic treasure to use mindfully.  Oro Naturale Selection  At Oro Naturale, we have worked intensively to ensure our clients access superior quality oils, even in this challenging year:  Selected the best producers in Umbria and Tuscany  Guaranteed total traceability of every bottle  Only cold-pressed mechanical extraction  Organic and controlled-origin certifications  Our Monocultivar Oils  Particularly limited this year are our prestigious Moraiolo and Frantoio monocultivar oils, available in 250ml and 500ml bottles. These oils embody the essence of Umbria’s olive oil tradition and are available in very limited quantities.  Future Outlook  Experts are cautious about predictions for the next season. It is crucial that:  Producers continue investing in olive grove care  Sustainable agricultural practices are adopted  Quality is valued over quantity  Consumers recognize the value of true Italian extra virgin olive oil  Conclusion  The 2025/2026 season reminds us how precious high-quality extra virgin olive oil is and the importance of supporting artisanal producers who continue to deliver excellence and authenticity. Every bottle this year tells a story of dedication, passion, and resilience. It is time to cherish this gift of nature and use it consciously, knowing we are tasting something truly special and limited.  Stay updated on our oil availability and discover our premium selection by visiting our shop or contacting us directly. Quantities are limited, so we recommend acting promptly.  FR — La Rareté de la Récolte 2025/2026  La saison oléicole 2025/2026 s’annonce comme l’une des plus difficiles depuis des décennies pour les régions de l’Ombrie et de la Toscane, traditionnellement au cœur de la production d’huile d’olive extra vierge italienne de qualité.  Une Réduction Drastique  Les chiffres sont alarmants : la production d’huile d’olive extra vierge cette saison est d’environ 60 % par rapport à l’année précédente. Cela signifie que les quantités disponibles sont très limitées, rendant chaque bouteille encore plus précieuse.  Causes de la Rarete  Conditions climatiques défavorables : gelées tardives et sécheresse estivale affectant la floraison et la fructification  Stress hydrique : manque de pluie aux moments clés réduisant la taille et le rendement des olives  Alternance de production : phénomène naturel où les oliviers alternent années de forte et faible production  Pression parasitaire : la mouche de l’olive et autres ravageurs ont trouvé des conditions favorables  Impact sur les Producteurs  Pour les producteurs artisanaux sélectionnés par Oro Naturale, cette rareté constitue un véritable défi. Beaucoup ont récolté moins de la moitié de la production habituelle, privilégiant la qualité à la quantité.  La Qualité Avant Tout  Malgré les difficultés, la qualité de l’huile reste excellente. Les olives récoltées, bien que moins nombreuses, ont conservé leurs propriétés organoleptiques supérieures, garantissant un produit final de haut niveau.  Pour les Consommateurs  Disponibilité Limitée Les stocks d’huile extra vierge de qualité seront restreints. Conseils :  Acheter à l’avance  Conserver correctement dans un endroit frais et à l’abri de la lumière  Apprécier chaque goutte de cet or vert précieux  Valeur Accrue La rareté augmente naturellement la valeur du produit. Chaque bouteille devient un trésor gastronomique à utiliser avec discernement.  Sélection Oro Naturale  Nous avons sélectionné les meilleurs producteurs d’Ombrie et de Toscane, garantissons la traçabilité totale, proposons uniquement des huiles pressées à froid et certifiées biologiques et d’origine contrôlée.  Nos Huiles Monocultivar  Particulièrement limitées cette année : nos prestigieuses huiles Moraiolo et Frantoio en bouteilles de 250 ml et 500 ml, essence de la tradition oléicole umbrienne.  Perspectives Futures  Il est crucial que :  Les producteurs continuent d’investir dans l’entretien des oliveraies  Les pratiques agricoles durables soient adoptées  La qualité soit valorisée plutôt que la quantité  Les consommateurs reconnaissent la valeur du véritable EVO italien  Conclusion  La saison 2025/2026 rappelle l’importance de soutenir les producteurs artisanaux. Chaque bouteille raconte une histoire de passion et de résilience. Apprécions cet or vert avec conscience.  Pour suivre la disponibilité de nos huiles et découvrir notre sélection premium, visitez notre boutique ou contactez-nous directement. Les quantités sont limitées.  ES — La Escasez de la Cosecha 2025/2026  La temporada oleícola 2025/2026 se perfila como una de las más difíciles en décadas para Umbría y Toscana, tradicionalmente el corazón de la producción de aceite de oliva virgen extra italiano de calidad.  Reducción Drástica  Los datos son alarmantes: la producción de aceite de oliva virgen extra esta temporada se sitúa en aproximadamente el 60 % respecto al año anterior. Esto hace que la disponibilidad sea extremadamente limitada, aumentando el valor de cada botella.  Causas de la Escasez  Condiciones climáticas adversas: heladas tardías y sequía estival afectaron la floración y el cuajado  Estrés hídrico: la falta de lluvia en momentos críticos redujo tamaño y rendimiento de las aceitunas  Alternancia de producción: fenómeno natural donde los olivos alternan años de alta y baja producción  Presión fitopatógena: la mosca del olivo y otros parásitos encontraron condiciones favorables  Impacto en los Productores  Para los productores artesanales seleccionados por Oro Naturale, esta escasez supone un gran desafío. Muchos han recogido menos de la mitad de la cosecha habitual, centrando esfuerzos en la calidad sobre la cantidad.  Calidad Ante Todo  A pesar de las dificultades, la calidad del aceite sigue siendo excelente. Las aceitunas recolectadas han mantenido sus propiedades organolépticas, asegurando un producto final de altísimo nivel.  Para los Consumidores  Disponibilidad Limitada Los stocks de aceite virgen extra de calidad serán limitados. Se recomienda:  Comprar con antelación  Almacenar correctamente en lugares frescos y protegidos de la luz  Valorar cada gota de este preciado oro verde  Valor Aumentado La escasez incrementa naturalmente el valor del producto. Cada botella se convierte en un tesoro gastronómico.  Selección Oro Naturale  Seleccionamos los mejores productores de Umbría y Toscana, garantizamos trazabilidad total, ofrecemos solo aceites prensados en frío y certificados orgánicos y de origen controlado.  Nuestros Aceites Monovarietales  Particularmente limitados este año: nuestros prestigiosos aceites Moraiolo y Frantoio, en botellas de 250 ml y 500 ml, esencia de la tradición olivarera umbría.  Perspectivas Futuras  Es fundamental que:  Los productores sigan invirtiendo en el cuidado de los olivares  Se adopten prácticas agrícolas sostenibles  Se valore la calidad sobre la cantidad  Los consumidores reconozcan el valor del verdadero EVO italiano  Conclusión  La temporada 2025/2026 nos recuerda la importancia de apoyar a los productores artesanales. Cada botella cuenta una historia de pasión y resiliencia. Disfrutemos de este oro verde con conciencia.  Para conocer la disponibilidad de nuestros aceites y descubrir nuestra selección premium, visite nuestra tienda o contáctenos directamente. Las cantidades son limitadas.""},""ro"":{""title"":""Recolta 2025/2026: Seceta uleiului extravirgin de măsline în Umbria și Toscana"",""excerpt"":""O analiză a reducerii drastice a recoltei de măsline în sezonul 2025/2026 în regiunile cheie ale producției de ulei de măsline italian. Descoperă de ce uleiul extravirgin va fi atât de limitat anul acesta."",""content"":""Sezonul 2025/2026 se anunță ca unul dintre cei mai dificili din ultimele decenii pentru regiunile Umbria și Toscana, inima tradițională a producției de ulei de măsline extra virgin italian de calitate.  Reducere Drastică  Datele sunt alarmante: producția de ulei extravirgin de măsline în acest sezon este de aproximativ 60 % față de anul trecut. Cantitățile disponibile sunt extrem de limitate, făcând fiecare sticlă și mai prețioasă.  Cauzele Secetei  Condiții meteorologice nefavorabile: înghețuri târzii și secetă de vară au afectat înflorirea și rodirea  Stres hidric: lipsa ploilor în momentele cheie a redus dimensiunea și randamentul măslinelor  Alternanța producției: fenomen natural în care măslinii alternează ani de producție mare și mică  Presiune fitopatologică: musculița măslinului și alți dăunători au găsit condiții favorabile  Impactul asupra Producătorilor  Pentru producătorii artizanali selectați de Oro Naturale, această secetă reprezintă o provocare majoră. Mulți au recoltat mai puțin de jumătate față de anii normali, concentrându-se pe calitate în loc de cantitate.  Calitatea Pe Primul Loc  În ciuda dificultăților, calitatea uleiului rămâne excelentă. Măslinele recoltate și-au păstrat proprietățile organoleptice, asigurând un produs final de cel mai înalt nivel.  Ce Înseamnă pentru Consumatori  Disponibilitate Limitată Stocurile de ulei extravirgin de calitate vor fi limitate. Se recomandă:  Achiziționarea în avans  Păstrarea corectă în locuri răcoroase și ferite de lumină  Apreciați fiecare picătură din acest aur verde prețios  Valoare Crescută Seceta crește natural valoarea produsului. Fiecare sticlă devine o adevărată comoară gastronomică.  Selecția Oro Naturale  Am selectat cei mai buni producători din Umbria și Toscana, garantăm trasabilitate totală, oferim doar uleiuri presate la rece și certificate bio și de origine controlată.  Uleiurile Noastre Monocultivar  Deosebit de limitate anul acesta: prestigioasele noastre uleiuri Moraiolo și Frantoio, în sticle de 250 ml și 500 ml, esența tradiției olivore umbriene.  Perspective Viitoare  Este esențial ca:  Producătorii să continue să investească în îngrijirea măslinilor  Să se adopte practici agricole durabile  Calitatea să fie valorizată în locul cantității  Consumatorii să recunoască valoarea adevăratului EVO italian  Concluzie  Sezonul 2025/2026 ne amintește cât de prețios este uleiul extravirgin de calitate și importanța susținerii producătorilor artizanali. Fiecare sticlă spune o poveste de pasiune și reziliență. Să apreciem acest dar al naturii și să-l folosim conștient.  Pentru a rămâne la curent cu disponibilitatea uleiurilor noastre și pentru a descoperi selecția noastră premium, vizitați magazinul nostru sau contactați-ne direct. Cantitățile sunt limitate.""}}","690f1531316bf8e154a7f9ab","2025-11-08T10:02:25.052000","2025-11-14T10:15:03.508000","690def7378e8f85386a1132e","false"
"Come riconoscere un olio extravergine di oliva di qualità","riconoscere-olio-qualita","Guida completa per identificare un vero olio EVO premium e distinguerlo dalle imitazioni","L’olio extravergine di oliva (EVO) è un tesoro della cucina italiana: sano, ricco di antiossidanti e simbolo di tradizione. Ma come riconoscere un vero EVO?  1. Etichetta e origine  Controlla che l’olio sia 100% italiano o con marchi DOP/IGP, e prediligi la data di raccolta rispetto a quella di imbottigliamento. L’indicazione “estratto a freddo” garantisce la qualità della lavorazione.  2. Parametri chimici essenziali  Un EVO autentico ha:  Acidità ≤ 0,8%  Numero di perossidi basso  Spettrofotometria UV (K232, K270, ΔK) bassa  Questi valori indicano freschezza e assenza di adulterazioni.  3. Aspetti sensoriali  Colore: verde intenso o giallo oro  Profumo: fruttato, erbaceo o leggermente piccante  Gusto: amaro e piccante, segno di polifenoli benefici  Assenza di difetti: niente odori rancidi o muffa  4. Confezione e conservazione  Scegli bottiglie scure o lattine, conserva in luogo fresco e al riparo dalla luce, e verifica il numero di lotto per freschezza e tracciabilità.  Perché è importante  Riconoscere un vero EVO significa tutelare la salute, proteggere il valore aziendale e vivere un’esperienza culinaria autentica, valorizzando ogni piatto della tradizione italiana.","https://delizieditalia.net/cdn/shop/products/olioextravergine.jpg?v=1735990834&width=1445","olive_oil","true","Giuseppe Rossi","{""en"":{""title"":""How to recognize high-quality extra virgin olive oil"",""excerpt"":""Complete guide to identifying a true premium EVO oil and distinguishing it from imitations"",""content"":""Extra virgin olive oil (EVO) is a treasure of Italian cuisine: healthy, rich in antioxidants, and a symbol of tradition. But how can you recognize a true EVO?  1. Label and origin Check that the oil is 100% Italian or carries DOP/IGP certifications, and prefer the harvest date over the bottling date. The indication “cold-pressed” guarantees the quality of processing.  2. Essential chemical parameters An authentic EVO has:  Acidity ≤ 0.8%  Low peroxide value  Low UV spectrophotometry values (K232, K270, ΔK)  These values indicate freshness and absence of adulteration.  3. Sensory aspects  Color: deep green or golden yellow  Aroma: fruity, herbaceous, or slightly spicy  Taste: bitter and pungent, a sign of beneficial polyphenols  Absence of defects: no rancid or moldy odors  4. Packaging and storage Choose dark bottles or tins, store in a cool, light-protected place, and check the batch number for freshness and traceability.  Why it matters Recognizing a true EVO means protecting your health, safeguarding brand value, and enjoying an authentic culinary experience, enhancing every dish of Italian tradition.""},""fr"":{""title"":""Comment reconnaître une huile d’olive extra vierge de qualité"",""excerpt"":""Guide complète pour identifier une véritable huile EVO premium et la distinguer des imitations"",""content"":""L’huile d’olive extra vierge (EVO) est un trésor de la cuisine italienne : saine, riche en antioxydants et symbole de tradition. Mais comment reconnaître une véritable EVO ?  1. Étiquette et origine Vérifiez que l’huile soit 100 % italienne ou qu’elle possède une certification DOP/IGP, et privilégiez la date de récolte plutôt que celle de mise en bouteille. La mention « pressée à froid » garantit la qualité du processus.  2. Paramètres chimiques essentiels Une EVO authentique présente :  Acidité ≤ 0,8 %  Faible indice de peroxydes  Valeurs UV spectrophotométriques faibles (K232, K270, ΔK)  Ces valeurs indiquent fraîcheur et absence d’adultération.  3. Aspects sensoriels  Couleur : vert intense ou jaune doré  Arôme : fruité, herbacé ou légèrement piquant  Goût : amer et piquant, signe de polyphénols bénéfiques  Absence de défauts : pas d’odeurs de rance ou de moisi  4. Emballage et conservation Privilégiez les bouteilles foncées ou les bidons, conservez dans un endroit frais et à l’abri de la lumière, et vérifiez le numéro de lot pour la fraîcheur et la traçabilité.  Pourquoi c’est important Reconnaître une véritable EVO permet de protéger la santé, de préserver la valeur de la marque et de vivre une expérience culinaire authentique, valorisant chaque plat de la tradition italienne.""},""es"":{""title"":""Cómo reconocer un aceite de oliva virgen extra de calidad"",""excerpt"":""Guía completa para identificar un auténtico aceite EVO premium y distinguirlo de las imitaciones"",""content"":""El aceite de oliva virgen extra (EVO) es un tesoro de la cocina italiana: saludable, rico en antioxidantes y símbolo de tradición. Pero, ¿cómo reconocer un verdadero EVO?  1. Etiqueta y origen Comprueba que el aceite sea 100% italiano o tenga certificaciones DOP/IGP, y da preferencia a la fecha de cosecha sobre la de embotellado. La indicación “prensado en frío” garantiza la calidad del proceso.  2. Parámetros químicos esenciales Un EVO auténtico tiene:  Acidez ≤ 0,8%  Bajo índice de peróxidos  Valores bajos en espectrofotometría UV (K232, K270, ΔK)  Estos valores indican frescura y ausencia de adulteración.  3. Aspectos sensoriales  Color: verde intenso o amarillo dorado  Aroma: afrutado, herbáceo o ligeramente picante  Sabor: amargo y picante, signo de polifenoles beneficiosos  Ausencia de defectos: sin olores a rancio o moho  4. Envase y conservación Elige botellas oscuras o latas, guarda en un lugar fresco y protegido de la luz, y verifica el número de lote para asegurar frescura y trazabilidad.  Por qué es importante Reconocer un verdadero EVO significa proteger la salud, salvaguardar el valor de la marca y disfrutar de una experiencia culinaria auténtica, realzando cada plato de la tradición italiana.""},""ro"":{""title"":""Cum să recunoști un ulei de măsline extra virgin de calitate"",""excerpt"":""Ghid complet pentru a identifica un adevărat ulei EVO premium și a-l diferenția de imitații"",""content"":""Uleiul de măsline extra virgin (EVO) este o comoară a bucătăriei italiene: sănătos, bogat în antioxidanți și simbol al tradiției. Dar cum recunoști un adevărat EVO?  1. Etichetă și origine Verifică că uleiul este 100% italian sau are certificări DOP/IGP și preferă data recoltării în locul celei de îmbuteliere. Mențiunea „presat la rece” garantează calitatea procesării.  2. Parametri chimici esențiali Un EVO autentic are:  Aciditate ≤ 0,8%  Valoare scăzută a peroxizilor  Valori UV spectrofotometrice scăzute (K232, K270, ΔK)  Aceste valori indică prospețime și lipsa adulterării.  3. Aspecte senzoriale  Culoare: verde intens sau galben auriu  Aromă: fructat, ierbos sau ușor picant  Gust: amar și picant, semn al polifenolilor benefici  Lipsa defectelor: fără mirosuri de rânced sau mucegai  4. Ambalaj și păstrare Alege sticle închise la culoare sau recipiente metalice, păstrează-l într-un loc răcoros și ferit de lumină și verifică numărul lotului pentru prospețime și trasabilitate.  De ce este important Recunoașterea unui adevărat EVO înseamnă protejarea sănătății, păstrarea valorii brandului și trăirea unei experiențe culinare autentice, punând în valoare fiecare fel de mâncare al tradiției italiene.""}}","690df13c2a0947894faa7f87","2025-11-07T13:16:44.314000","2025-11-14T10:11:17.745000","690def7378e8f85386a1132e","false"
"5 ricette tradizionali con olio EVO","ricette-olio-evo","Scopri come valorizzare il tuo olio extravergine nelle ricette della tradizione italiana","L'olio extravergine di oliva è protagonista indiscusso della cucina mediterranea...","https://images.unsplash.com/photo-1556910103-1c02745aae4d?w=800&q=80","recipes","true","Maria Bianchi","{""en"":{""title"":""5 Traditional Recipes with EVO Oil"",""excerpt"":""Discover how to enhance your extra virgin olive oil in traditional Italian recipes"",""content"":null},""fr"":{""title"":""5 Recettes Traditionnelles avec de l’Huile d’Olive Extra Vierge"",""excerpt"":""Découvrez comment sublimer votre huile d’olive extra vierge dans les recettes traditionnelles italiennes"",""content"":null},""es"":{""title"":""5 Recetas Tradicionales con Aceite de Oliva Virgen Extra"",""excerpt"":""Descubre cómo realzar tu aceite de oliva virgen extra en las recetas tradicionales italianas"",""content"":null},""ro"":{""title"":""5 Rețete Tradiționale cu Ulei de Măsline Extra Virgin"",""excerpt"":""Descoperă cum să valorifici uleiul tău de măsline extra virgin în rețetele tradiționale italiene"",""content"":null}}","690df13c2a0947894faa7f88","2025-11-07T13:16:44.314000","2025-11-14T10:05:31.622000","690def7378e8f85386a1132e","false"
"I benefici dell'olio d'oliva per la salute","benefici-olio-salute","Proprietà nutrizionali e benefici per il benessere del tuo corpo","L’olio extravergine di oliva, chiamato anche EVO, è un vero alleato della salute. È ricco di sostanze benefiche che aiutano a vivere meglio e più a lungo.  Perché fa bene al cuore Anche se è un grasso, l’olio EVO protegge le arterie e aiuta a tenere sotto controllo il colesterolo. Riduce il colesterolo cattivo (LDL) e mantiene quello buono (HDL), riducendo il rischio di infarti e ictus.  Antiossidanti contro l’invecchiamento Contiene vitamina E e altri antiossidanti che proteggono le cellule dai danni dei radicali liberi. Questo aiuta a prevenire l’invecchiamento precoce e protegge il DNA delle cellule.  Aiuta la digestione e il fegato L’olio EVO facilita la digestione, riduce l’acidità di stomaco e aiuta il fegato a disintossicare l’organismo.  Come si produce L’olio extravergine di oliva si ottiene dalla spremitura meccanica delle olive, senza sostanze chimiche. Per essere “extravergine”, deve avere un’acidità molto bassa e un sapore e odore tipici.  Come usarlo Va consumato soprattutto a crudo, come condimento, ma può anche essere usato in cottura leggera. Bastano 3 cucchiaini al giorno per godere dei suoi benefici.  L’olio EVO è il condimento principale della Dieta mediterranea e un vero elisir per la salute di cuore, fegato e cellule.","https://images.unsplash.com/photo-1608571423902-eed4a5ad8108?w=800&q=80","health","true","Dott. Andrea Verdi","{""en"":{""title"":""The health benefits of olive oil"",""excerpt"":""Discover how to enhance your extra virgin olive oil in traditional Italian recipes"",""content"":""Extra virgin olive oil, also called EVO, is a true ally for health. It is rich in beneficial substances that help you live better and longer.  Good for the heart Even though it is a fat, EVO oil protects the arteries and helps keep cholesterol under control. It reduces “bad” cholesterol (LDL) and maintains “good” cholesterol (HDL), lowering the risk of heart attacks and strokes.  Antioxidants against aging It contains vitamin E and other antioxidants that protect cells from free radical damage. This helps prevent premature aging and safeguards the DNA in your cells.  Supports digestion and liver function EVO oil facilitates digestion, reduces stomach acidity, and helps the liver detoxify the body.  How it is produced Extra virgin olive oil is obtained through mechanical pressing of olives, without chemicals. To be labeled “extra virgin,” it must have very low acidity and a characteristic taste and aroma.  How to use it It should be consumed mainly raw, as a dressing, but can also be used in light cooking. Just three teaspoons a day are enough to enjoy its benefits.  EVO oil is the main ingredient of the Mediterranean Diet and a true elixir for the health of the heart, liver, and cells.""},""fr"":{""title"":""Les bienfaits de l’huile d’olive pour la santé"",""excerpt"":""Découvrez comment sublimer votre huile d’olive extra vierge dans les recettes traditionnelles italiennes"",""content"":""L’huile d’olive extra vierge, également appelée EVO, est un véritable allié pour la santé. Elle est riche en substances bénéfiques qui aident à mieux vivre et plus longtemps.  Bonne pour le cœur Bien qu’il s’agisse d’un corps gras, l’huile EVO protège les artères et aide à contrôler le cholestérol. Elle réduit le « mauvais » cholestérol (LDL) et maintient le « bon » cholestérol (HDL), réduisant le risque d’infarctus et d’AVC.  Antioxydants contre le vieillissement Elle contient de la vitamine E et d’autres antioxydants qui protègent les cellules des dommages des radicaux libres. Cela aide à prévenir le vieillissement prématuré et protège l’ADN des cellules.  Favorise la digestion et le foie L’huile EVO facilite la digestion, réduit l’acidité gastrique et aide le foie à détoxifier l’organisme.  Comment elle est produite L’huile d’olive extra vierge est obtenue par pression mécanique des olives, sans produits chimiques. Pour être « extra vierge », elle doit avoir une acidité très faible et un goût et un parfum caractéristiques.  Comment l’utiliser Elle doit être consommée principalement crue, comme assaisonnement, mais peut aussi être utilisée en cuisson légère. Trois cuillères à café par jour suffisent pour profiter de ses bienfaits.  L’huile EVO est l’ingrédient principal du régime méditerranéen et un véritable élixir pour la santé du cœur, du foie et des cellules.""},""es"":{""title"":""Los beneficios del aceite de oliva para la salud"",""excerpt"":""Descubre cómo realzar tu aceite de oliva virgen extra en las recetas tradicionales italianas"",""content"":""l aceite de oliva virgen extra, también llamado EVO, es un verdadero aliado para la salud. Está lleno de sustancias beneficiosas que ayudan a vivir mejor y más tiempo.  Beneficioso para el corazón Aunque es una grasa, el aceite EVO protege las arterias y ayuda a controlar el colesterol. Reduce el colesterol “malo” (LDL) y mantiene el colesterol “bueno” (HDL), disminuyendo el riesgo de infartos y accidentes cerebrovasculares.  Antioxidantes contra el envejecimiento Contiene vitamina E y otros antioxidantes que protegen las células del daño de los radicales libres. Esto ayuda a prevenir el envejecimiento prematuro y protege el ADN de las células.  Ayuda a la digestión y al hígado El aceite EVO facilita la digestión, reduce la acidez estomacal y ayuda al hígado a desintoxicar el organismo.  Cómo se produce El aceite de oliva virgen extra se obtiene mediante el prensado mecánico de las aceitunas, sin sustancias químicas. Para ser “virgen extra”, debe tener una acidez muy baja y un sabor y aroma característicos.  Cómo usarlo Se debe consumir principalmente crudo, como aderezo, pero también se puede usar en cocciones ligeras. Con solo tres cucharaditas al día se pueden aprovechar sus beneficios.  El aceite EVO es el condimento principal de la Dieta Mediterránea y un verdadero elixir para la salud del corazón, hígado y células.""},""ro"":{""title"":""Beneficiile uleiului de măsline pentru sănătate"",""excerpt"":""Descoperă cum să valorifici uleiul tău de măsline extra virgin în rețetele tradiționale italiene"",""content"":""Uleiul de măsline extra virgin, numit și EVO, este un adevărat aliat al sănătății. Este bogat în substanțe benefice care ajută la o viață mai bună și mai lungă.  Bun pentru inimă Deși este o grăsime, uleiul EVO protejează arterele și ajută la menținerea colesterolului sub control. Reduce colesterolul „rău” (LDL) și menține colesterolul „bun” (HDL), scăzând riscul de infarct și accident vascular cerebral.  Antioxidanți împotriva îmbătrânirii Conține vitamina E și alți antioxidanți care protejează celulele de daunele radicalilor liberi. Acest lucru ajută la prevenirea îmbătrânirii premature și protejează ADN-ul celulelor.  Sprijină digestia și ficatul Uleiul EVO facilitează digestia, reduce aciditatea stomacului și ajută ficatul să detoxifice organismul.  Cum se produce Uleiul de măsline extra virgin se obține prin presarea mecanică a măslinelor, fără substanțe chimice. Pentru a fi „extra virgin”, trebuie să aibă o aciditate foarte scăzută și gust și miros caracteristice.  Cum să-l folosești Trebuie consumat mai ales crud, ca dressing, dar poate fi folosit și la gătit ușor. Trei lingurițe pe zi sunt suficiente pentru a-i beneficia proprietățile.  Uleiul EVO este condimentul principal al Dietei Mediteraneene și un adevărat elixir pentru sănătatea inimii, ficatului și a celulelor.""}}","690df13c2a0947894faa7f89","2025-11-07T13:16:44.314000","2025-11-14T10:02:11.489000","690def7378e8f85386a1132e","false"