name,description,price,image_url,category,featured,stock,details,translations,id,created_date,updated_date,created_by_id,is_sample
"Olio Extravergine di Oliva 'ORO' 250ml","Olio extravergine di oliva ORO in formato tascabile da 250ml. Perfetto per degustazioni, regali o per chi vuole provare la qualità Oro Naturale.","11.95","https://qtrypzzcjebvfcihiynt.supabase.co/storage/v1/object/public/base44-prod/public/690def7378e8f85386a1132d/7d3f5cd10_olio-oro-250ml.png","extra_virgin_olive_oil","false","100","{""origin"":""Umbria, Italia"",""harvest_year"":""2025"",""volume"":""250ml"",""characteristics"":[""Uso quotidiano"",""Formato degustazione"",""Idea regalo"",""Qualità garantita""]}","{""en"":{""name"":""Extra Virgin Olive Oil 'ORO' 250ml"",""description"":""ORO extra virgin olive oil in pocket-sized 250ml format. Perfect for tastings, gifts or for those who want to try Oro Naturale quality.""},""fr"":{""name"":""Huile d'Olive Extra Vierge 'ORO' 250ml"",""description"":""Huile d'olive extra vierge ORO en format poche de 250ml. Parfait pour les dégustations, les cadeaux ou pour ceux qui veulent essayer la qualité Oro Naturale.""},""es"":{""name"":""Aceite de Oliva Virgen Extra 'ORO' 250ml"",""description"":""Aceite de oliva virgen extra ORO en formato de bolsillo de 250ml. Perfecto para degustaciones, regalos o para quien quiera probar la calidad de Oro Naturale.""},""ro"":{""name"":""Ulei de Măsline Extravirgin 'ORO' 250ml"",""description"":""Ulei de măsline extravirgin ORO în format de buzunar de 250ml. Perfect pentru degustări, cadouri sau pentru cei care doresc să încerce calitatea Oro Naturale.""}}","6915c55b12c4e690ecc1b719","2025-11-13T11:47:39.213000","2025-11-14T08:11:24.386000","690def7378e8f85386a1132e","false"
"Olio EVO Blend Bio Ronci 500ml","Olio extravergine di oliva biologico blend premium. Sapore equilibrato e versatile, perfetto per uso quotidiano. Certificato biologico.","14.95","https://qtrypzzcjebvfcihiynt.supabase.co/storage/v1/object/public/base44-prod/public/690def7378e8f85386a1132d/c168e4436_olio-blend-bio.jpg","extra_virgin_olive_oil","true","100","{""origin"":""Italia - Umbria"",""harvest_year"":""2025"",""volume"":""500ml"",""characteristics"":[""Biologico"",""Blend"",""Equilibrato"",""Versatile"",""Certificato Bio""]}","{""en"":{""name"":""Organic EVO Blend Ronci 500ml"",""description"":""Premium organic extra virgin olive oil blend. Balanced and versatile flavor, perfect for daily use. Organic certified.""},""fr"":{""name"":""Blend Biologique EVO Ronci 500ml"",""description"":""Mélange d'huile d'olive extra vierge biologique premium. Saveur équilibrée et polyvalente, parfaite pour un usage quotidien. Certifiée biologique.""},""es"":{""name"":""Blend Orgánico EVO Ronci 500ml"",""description"":""Mezcla de aceite de oliva virgen extra orgánico premium. Sabor equilibrado y versátil, perfecto para uso diario. Certificado orgánico.""},""ro"":{""name"":""Blend Organic EVO Ronci 500ml"",""description"":""Amestec premium de ulei de măsline extravirgin organic. Gust echilibrat și versatil, perfect pentru uz zilnic. Certificat organic.""}}","6914b82805cfed02a50a7da4","2025-11-12T16:39:04.161000","2025-11-16T17:45:49.632000","690def7378e8f85386a1132e","false"
"Olio Extravergine di Oliva 'ORO' 5L","Olio extravergine di oliva italiano certificato, dalle colline del Subasio. Un EVO naturale e genuino, estratto a freddo, dal gusto equilibrato e versatile, ideale sia a crudo che in cottura. Nel pratico formato da 5 litri, è la scelta perfetta per famiglie e ristoratori che cercano qualità, convenienza e autenticità umbra.","110.95","https://qtrypzzcjebvfcihiynt.supabase.co/storage/v1/object/public/base44-prod/public/690def7378e8f85386a1132d/4c46f645a_oro-5l.jpg","extra_virgin_olive_oil","true","50","{""origin"":""Umbria, Italia"",""harvest_year"":""2025"",""volume"":""5L"",""characteristics"":[""Gusto equilibrato"",""Versatile"",""Formato famiglia"",""Per ristoratori""]}","{""en"":{""name"":""Extra Virgin Olive Oil 'ORO' 5L"",""description"":""Italian extra virgin olive oil from the hills of Subasio. A natural and genuine EVO, cold-pressed, with a balanced and versatile flavor, ideal both raw and for cooking. In a practical 5-liter format, it’s the perfect choice for families and restaurateurs looking for quality, convenience, and Umbrian authenticity.""},""fr"":{""name"":""Huile d’Olive Vierge Extra 'ORO' 5L"",""description"":""Huile d’olive vierge extra italienne, issue des collines du Subasio. Une EVO naturelle et authentique, extraite à froid, au goût équilibré et polyvalent, idéale aussi bien crue qu’en cuisson. Dans un format pratique de 5 litres, c’est le choix parfait pour les familles et les restaurateurs recherchant qualité, praticité et authenticité ombrienne.""},""es"":{""name"":""Aceite de Oliva Virgen Extra 'ORO' 5L"",""description"":""Aceite de oliva virgen extra italiano, de las colinas del Subasio. Un EVO natural y genuino, extraído en frío, con un sabor equilibrado y versátil, ideal tanto en crudo como para cocinar. En un práctico formato de 5 litros, es la elección perfecta para familias y restauradores que buscan calidad, conveniencia y autenticidad de Umbría.""},""ro"":{""name"":""Ulei de măsline extravirgin 'ORO' 5L"",""description"":""Ulei de măsline extravirgin italian, provenit din colinele Subasio. Un EVO natural și autentic, extras la rece, cu un gust echilibrat și versatil, ideal atât crud, cât și pentru gătit. În formatul practic de 5 litri, este alegerea perfectă pentru familii și restaurante care caută calitate, conveniență și autenticitate umbriană.""}}","690f13c369e3610ea9b1e17e","2025-11-08T09:56:19.770000","2025-11-14T08:16:59.331000","690def7378e8f85386a1132e","false"
"Olio EVO Premium 'Sien Die' 750ml","Olio extravergine di oliva di qualità superiore, prodotto in quantità limitata. Aromatico e intenso, con note di erbe fresche e mandorla, ideale per piatti gourmet, crudité, carni pregiate e insalate. Scelto da chef e appassionati per il suo sapore autentico e premiato.","35.95","https://qtrypzzcjebvfcihiynt.supabase.co/storage/v1/object/public/base44-prod/public/690def7378e8f85386a1132d/18e805e11_Olio-EVO-Premium-Sien-Die-750ml.jpg","extra_virgin_olive_oil","true","30","{""origin"":""Umbria, Italia"",""harvest_year"":""2025"",""volume"":""750ml"",""characteristics"":[""Aromatico e intenso"",""Note di erbe fresche"",""Mandorla"",""Edizione limitata"",""Premium""]}","{""en"":{""name"":""Premium EVO Oil 'Sien Die' 750ml"",""description"":""Superior quality extra virgin olive oil, produced in limited quantities. Aromatic and intense, with notes of fresh herbs and almond, ideal for gourmet dishes, crudités, premium meats, and salads. Chosen by chefs and enthusiasts for its authentic flavor and award-winning quality.""},""fr"":{""name"":""Huile EVO Premium 'Sien Die' 750ml"",""description"":""Huile d’olive vierge extra de qualité supérieure, produite en quantités limitées. Aromatique et intense, avec des notes d’herbes fraîches et d’amande, idéale pour les plats gastronomiques, crudités, viandes raffinées et salades. Choisie par les chefs et les passionnés pour sa saveur authentique et sa qualité primée.""},""es"":{""name"":""Aceite EVO Premium 'Sien Die' 750ml"",""description"":""Aceite de oliva virgen extra de calidad superior, producido en cantidades limitadas. Aromático e intenso, con notas de hierbas frescas y almendra, ideal para platos gourmet, crudités, carnes selectas y ensaladas. Elegido por chefs y aficionados por su sabor auténtico y calidad premiada.""},""ro"":{""name"":""Ulei EVO Premium 'Sien Die' 750ml"",""description"":""Ulei de măsline extravirgin de calitate superioară, produs în cantități limitate. Aromat și intens, cu note de ierburi proaspete și migdale, ideal pentru preparate gourmet, crudités, carne de calitate și salate. Alegerea bucătarilor și pasionaților pentru gustul său autentic și calitatea premiată.""}}","690f13c369e3610ea9b1e17f","2025-11-08T09:56:19.770000","2025-11-14T08:34:16.537000","690def7378e8f85386a1132e","false"
"Olio EVO Premium 'DOC' 500ml","Olio extravergine di oliva DOC di qualità superiore. Premium selection con certificazione di origine controllata. Ideale per piatti ricercati e palati raffinati.","32.95","https://qtrypzzcjebvfcihiynt.supabase.co/storage/v1/object/public/base44-prod/public/690def7378e8f85386a1132d/f26e7cb50_spumante-brut-1742.jpg","extra_virgin_olive_oil","false","30","{""origin"":""Umbria, Italia"",""harvest_year"":""2025/2026"",""volume"":""500ml"",""characteristics"":[""Premium"",""DOC"",""Qualità superiore"",""Edizione limitata"",""Estratto a freddo""]}","{""en"":{""name"":""Premium EVO Oil 'DOC' 500ml"",""description"":""Superior quality DOC extra virgin olive oil. Premium selection with controlled origin certification. Ideal for refined dishes and sophisticated palates.""},""fr"":{""name"":""Huile EVO Premium 'DOC' 500ml"",""description"":""Huile d’olive vierge extra DOC de qualité supérieure. Sélection premium avec certification d’origine contrôlée. Idéale pour des plats raffinés et des palais exigeants.""},""es"":{""name"":""Aceite EVO Premium 'DOC' 500ml"",""description"":""Aceite de oliva virgen extra DOC de calidad superior. Selección premium con certificación de origen controlado. Ideal para platos refinados y paladares exigentes.""},""ro"":{""name"":""Ulei EVO Premium 'DOC' 500ml"",""description"":""Ulei de măsline extravirgin DOC de calitate superioară. Selecție premium cu certificare de origine controlată. Ideal pentru preparate rafinate și pentru gusturi sofisticate.""}}","690f13c369e3610ea9b1e180","2025-11-08T09:56:19.770000","2025-11-14T08:44:03.268000","690def7378e8f85386a1132e","false"
"Olio di Avocado di Sicilia 100% Italiano","Ottenuto da avocado selezionati alle pendici dell’Etna, è ricco di grassi buoni, omega 3 e vitamine E e D. Un’eccellenza italiana dal gusto delicato e dalle proprietà benefiche naturali.","59.95","https://qtrypzzcjebvfcihiynt.supabase.co/storage/v1/object/public/base44-prod/public/690def7378e8f85386a1132d/27e8d20ec_Avocado-bottiglia-olio-500ml.jpg","flavored_oils","false","5","{""origin"":""Sicilia Italia"",""harvest_year"":null,""volume"":""500ml"",""characteristics"":[""Uso quotidiano"",""Qualità garantita"",""Versatile"",""Naturale""]}","{""en"":{""name"":""Avo – 100% Italian Avocado Oil from Sicily."",""description"":""Made from selected avocados grown on the slopes of Mount Etna, it’s rich in healthy fats, omega-3, and vitamins E and D. An Italian excellence with a delicate taste and natural beneficial properties.""},""fr"":{""name"":""Avo – Huile d’Avocat de Sicile 100 % Italienne."",""description"":""Produite à partir d’avocats sélectionnés cultivés sur les pentes de l’Etna, elle est riche en bonnes graisses, en oméga-3 et en vitamines E et D. Une excellence italienne au goût délicat et aux bienfaits naturels.""},""es"":{""name"":""Avo – Aceite de Aguacate de Sicilia 100 % Italiano."",""description"":""Elaborado con aguacates seleccionados cultivados en las laderas del Etna, es rico en grasas saludables, omega-3 y vitaminas E y D. Una excelencia italiana con sabor delicado y beneficios naturales.""},""ro"":{""name"":""Avo – Ulei de Avocado din Sicilia 100 % Italian."",""description"":""Obținut din avocado selecționat, cultivat pe versanții Etnei, este bogat în grăsimi sănătoase, omega-3 și vitaminele E și D. O excelență italiană cu gust delicat și proprietăți naturale benefice.""}}","690f13c369e3610ea9b1e181","2025-11-08T09:56:19.770000","2025-11-13T15:02:46.921000","690def7378e8f85386a1132e","false"
"Olio Extravergine di Oliva Biologico 500ml","Olio extravergine di oliva biologico certificato. Coltivato con metodi naturali, senza pesticidi o fertilizzanti chimici. Purezza e autenticità in ogni goccia.","25.75","https://qtrypzzcjebvfcihiynt.supabase.co/storage/v1/object/public/base44-prod/public/690def7378e8f85386a1132d/128f960c8_Olio-Extravergine-di-Oliva-Biologico-500ml.jpg","extra_virgin_olive_oil","false","60","{""origin"":""Italia"",""harvest_year"":""2025"",""volume"":""500ml"",""characteristics"":[""Biologico"",""Naturale"",""Senza pesticidi"",""Certificato""]}","{""en"":{""name"":""Organic Extra Virgin Olive Oil 500ml"",""description"":""Certified organic extra virgin olive oil. Cultivated using natural methods, without pesticides or chemical fertilizers. Italian purity and authenticity in every drop.""},""fr"":{""name"":""Huile d’Olive Vierge Extra Biologique 500ml"",""description"":""Huile d’olive vierge extra biologique certifiée. Cultivée selon des méthodes naturelles, sans pesticides ni engrais chimiques. Pureté et authenticité italiennes dans chaque goutte.""},""es"":{""name"":""Aceite de Oliva Virgen Extra Ecológico 500ml"",""description"":""Aceite de oliva virgen extra orgánico certificado. Cultivado con métodos naturales, sin pesticidas ni fertilizantes químicos. Pureza y autenticidad italiana en cada gota.""},""ro"":{""name"":""Ulei de măsline extravirgin bio 500ml"",""description"":""Ulei de măsline extravirgin bio certificat. Cultivat prin metode naturale, fără pesticide sau îngrășăminte chimice. Puritate și autenticitate italiană în fiecare picătură.""}}","690f13c369e3610ea9b1e182","2025-11-08T09:56:19.770000","2025-11-14T08:33:23.443000","690def7378e8f85386a1132e","false"
"Olio Extravergine Monocultivar Moraiolo 500ml","Olio extravergine monocultivar da olive Moraiolo. Sapore intenso e deciso, con note fruttate. Perfetto per bruschette e piatti robusti.","17.95","https://qtrypzzcjebvfcihiynt.supabase.co/storage/v1/object/public/base44-prod/public/690def7378e8f85386a1132d/6a8228dba_olio-moraiolo.jpg","extra_virgin_olive_oil","false","40","{""origin"":""Umbria, Italia"",""harvest_year"":""2025"",""volume"":""500ml"",""characteristics"":[""Monocultivar"",""Intenso"",""Fruttato"",""Robusto""]}","{""en"":{""name"":""Monocultivar Moraiolo Extra Virgin Olive Oil 500ml"",""description"":""Monocultivar extra virgin olive oil from Moraiolo olives. Intense and bold flavor, with fruity notes. Perfect for bruschetta and hearty dishes. A natural, cold-pressed oil.""},""fr"":{""name"":""Huile d’Olive Vierge Extra Monovariétale Moraiolo 500ml"",""description"":""Huile d’olive vierge extra monovariétale à partir d’olives Moraiolo. Saveur intense et prononcée, avec des notes fruitées. Parfaite pour les bruschetta et les plats robustes. Une huile naturelle extraite à froid.""},""es"":{""name"":""Aceite de Oliva Virgen Extra Monovarietal Moraiolo 500ml"",""description"":""Huile d’olive vierge extra monovariétale à partir d’olives Moraiolo. Saveur intense et prononcée, avec des notes fruitées. Parfaite pour les bruschetta et les plats robustes. Une huile naturelle extraite à froid.""},""ro"":{""name"":""Ulei de măsline extravirgin Monocultivar Moraiolo 500ml"",""description"":""Ulei de măsline extravirgin monocultivar din măsline Moraiolo. Gust intens și puternic, cu note fructate. Perfect pentru bruschette și preparate consistente. Un ulei natural extras la rece.""}}","690f13c369e3610ea9b1e183","2025-11-08T09:56:19.770000","2025-11-16T17:42:01.430000","690def7378e8f85386a1132e","false"
"Olio Extravergine Monocultivar Moraiolo 250ml","Olio extravergine monocultivar da olive Moraiolo in formato tascabile. Ideale per degustazioni e regali.","10.95","https://qtrypzzcjebvfcihiynt.supabase.co/storage/v1/object/public/base44-prod/public/690def7378e8f85386a1132d/6a8228dba_olio-moraiolo.jpg","extra_virgin_olive_oil","false","50","{""origin"":""Umbria, Italia"",""harvest_year"":null,""volume"":""250ml"",""characteristics"":[""Monocultivar"",""Formato degustazione"",""Intenso""]}","{""en"":{""name"":""English: Monocultivar Moraiolo Extra Virgin Olive Oil 250ml"",""description"":""Monocultivar extra virgin olive oil from Moraiolo olives. Intense and bold flavor, with fruity notes. Perfect for bruschetta and hearty dishes. A natural, cold-pressed oil.""},""fr"":{""name"":""Huile d’Olive Vierge Extra Monovariétale Moraiolo 250ml"",""description"":""Huile d’olive vierge extra monovariétale à partir d’olives Moraiolo. Saveur intense et prononcée, avec des notes fruitées. Parfaite pour les bruschetta et les plats robustes. Une huile naturelle extraite à froid.""},""es"":{""name"":""Aceite de Oliva Virgen Extra Monovarietal Moraiolo 250ml"",""description"":""Aceite de oliva virgen extra monovarietal de aceitunas Moraiolo. Sabor intenso y decidido, con notas afrutadas. Perfecto para bruschettas y platos contundentes. Un aceite natural extraído en frío.""},""ro"":{""name"":""Ulei de măsline extravirgin Monocultivar Moraiolo 250ml"",""description"":""Ulei de măsline extravirgin monocultivar din măsline Moraiolo. Gust intens și puternic, cu note fructate. Perfect pentru bruschette și preparate consistente. Un ulei natural extras la rece.""}}","690f13c369e3610ea9b1e184","2025-11-08T09:56:19.770000","2025-11-16T17:39:39.312000","690def7378e8f85386a1132e","false"
"Olio Extravergine Monocultivar Frantoio 500ml","Olio extravergine monocultivar da olive Frantoio. Delicato e aromatico, con sentori di erba fresca e carciofo. Eccellente su pesce e verdure.","17.95","https://qtrypzzcjebvfcihiynt.supabase.co/storage/v1/object/public/base44-prod/public/690def7378e8f85386a1132d/e246cf0ab_olio-frantoio-500ml.jpg","extra_virgin_olive_oil","false","40","{""origin"":""Umbria, Italia"",""harvest_year"":null,""volume"":""500ml"",""characteristics"":[""Monocultivar"",""Delicato"",""Aromatico"",""Erba fresca""]}","{""en"":{""name"":""Monocultivar Frantoio Extra Virgin Olive Oil 500ml"",""description"":""Monocultivar extra virgin olive oil from Frantoio olives. Delicate and aromatic, with hints of fresh grass and artichoke. Excellent on fish and vegetables.""},""fr"":{""name"":""Huile d’Olive Vierge Extra Monovariétale Frantoio 500ml"",""description"":""Huile d’olive vierge extra monovariétale à partir d’olives Frantoio. Délicate et aromatique, avec des notes d’herbe fraîche et d’artichaut. Excellente sur le poisson et les légumes.""},""es"":{""name"":""Aceite de Oliva Virgen Extra Monovarietal Frantoio 500ml"",""description"":""Aceite de oliva virgen extra monovarietal de aceitunas Frantoio. Delicado y aromático, con notas de hierba fresca y alcachofa. Excelente para pescados y verduras.""},""ro"":{""name"":""Ulei de măsline extravirgin Monocultivar Frantoio 500ml"",""description"":""Ulei de măsline extravirgin monocultivar din măsline Frantoio. Delicat și aromat, cu note de iarbă proaspătă și anghinare. Excelent pentru pește și legume.""}}","690f13c369e3610ea9b1e185","2025-11-08T09:56:19.770000","2025-11-16T17:38:54.059000","690def7378e8f85386a1132e","false"
"Olio Extravergine Monocultivar Frantoio 250ml","Olio extravergine monocultivar da olive Frantoio in formato da 250ml. Perfetto per portare in tavola o regalare.","10.95","https://qtrypzzcjebvfcihiynt.supabase.co/storage/v1/object/public/base44-prod/public/690def7378e8f85386a1132d/3f7e52d41_olio-frantoio-250ml.jpg","extra_virgin_olive_oil","false","50","{""origin"":""Umbria, Italia"",""harvest_year"":""2025"",""volume"":""250ml"",""characteristics"":[""Monocultivar"",""Delicato"",""Formato degustazione""]}","{""en"":{""name"":""Monocultivar Frantoio Extra Virgin Olive Oil 250ml"",""description"":""Monocultivar extra virgin olive oil from Frantoio olives. Delicate and aromatic, with hints of fresh grass and artichoke. Excellent on fish and vegetables.""},""fr"":{""name"":""Huile d’Olive Vierge Extra Monovariétale Frantoio 250ml"",""description"":""Huile d’olive vierge extra monovariétale à partir d’olives Frantoio. Délicate et aromatique, avec des notes d’herbe fraîche et d’artichaut. Excellente sur le poisson et les légumes.""},""es"":{""name"":""Aceite de Oliva Virgen Extra Monovarietal Frantoio 250ml"",""description"":""Aceite de oliva virgen extra monovarietal de aceitunas Frantoio. Delicado y aromático, con notas de hierba fresca y alcachofa. Excelente para pescados y verduras.""},""ro"":{""name"":""Ulei de măsline extravirgin Monocultivar Frantoio 250ml"",""description"":""Ulei de măsline extravirgin monocultivar din măsline Frantoio. Delicat și aromat, cu note de iarbă proaspătă și anghinare. Excelent pentru pește și legume.""}}","690f13c369e3610ea9b1e186","2025-11-08T09:56:19.770000","2025-11-16T17:39:11.590000","690def7378e8f85386a1132e","false"
"Olio EVO al Peperoncino 100ml","Olio EVO Artigianale al Peperoncino 100% Italiano. Gusto intenso e piccante al punto giusto, perfetto per pizza, pasta e piatti che richiedono un tocco di vivacità.","9.95","https://qtrypzzcjebvfcihiynt.supabase.co/storage/v1/object/public/base44-prod/public/690def7378e8f85386a1132d/4aa26c339_aromatizzato-peperoncino.jpg","flavored_oils","false","80","{""origin"":""Italia"",""harvest_year"":null,""volume"":""100ml"",""characteristics"":[""Piccante"",""Artigianale"",""100% Italiano"",""Ideale per pizza""]}","{""en"":{""name"":""EVO Chili Pepper Oil 100ml"",""description"":""Artisan EVO Chili Oil 100% Italian. Spicy and bold, perfect for pasta and pizza.""},""fr"":{""name"":""Huile EVO au Piment 100ml"",""description"":""Huile EVO artisanale au piment 100% italienne. Épicée et audacieuse, parfaite pour pâtes et pizza.""},""es"":{""name"":""Aceite EVO al Guindilla 100ml"",""description"":""Aceite EVO artesanal a la guindilla 100% italiano. Picante y audaz, perfecto para pasta y pizza.""},""ro"":{""name"":""Ulei EVO cu Ardei Iute 100ml"",""description"":""Ulei EVO artizanal cu ardei iute 100% italian. Picant și îndrăzneț, perfect pentru paste și pizza.""}}","690f13c369e3610ea9b1e187","2025-11-08T09:56:19.770000","2025-11-16T17:49:57.852000","690def7378e8f85386a1132e","false"
"Olio EVO al Tartufo 100ml","Olio EVO al Tartufo 100% Italiano. Aroma intenso e raffinato, perfetto per primi piatti, risotti e piatti gourmet.","12.34","https://qtrypzzcjebvfcihiynt.supabase.co/storage/v1/object/public/base44-prod/public/690def7378e8f85386a1132d/915ce542a_aromatizzato-tartufo-nero.jpg","flavored_oils","false","60","{""origin"":""Italia"",""harvest_year"":null,""volume"":""100ml"",""characteristics"":[""Tartufo"",""Aromatico"",""Gourmet"",""100% Italiano""]}","{""en"":{""name"":""Truffle Flavoured EVO Oil 100ml"",""description"":""100% Italian Truffle Flavoured EVO Oil. Intense and refined aroma, perfect for pasta dishes, risottos, and gourmet creations.""},""fr"":{""name"":""Huile EVO à la Truffe 100ml"",""description"":""Huile EVO à la Truffe 100 % Italienne. Arôme intense et raffiné, parfaite pour les pâtes, les risottos et les plats gastronomiques.""},""es"":{""name"":""Aceite EVO con Trufa 100ml"",""description"":""Aceite EVO con Trufa 100 % Italiano. Aroma intenso y refinado, perfecto para pastas, risottos y platos gourmet.""},""ro"":{""name"":""Ulei EVO cu aromă de Trufă 100ml"",""description"":""Ulei EVO cu Trufă 100 % Italian. Aromă intensă și rafinată, perfect pentru paste, risotto și preparate gourmet.""}}","690f13c369e3610ea9b1e188","2025-11-08T09:56:19.770000","2025-11-14T08:11:32.872000","690def7378e8f85386a1132e","false"
"Olio EVO al Basilico 100ml","Olio EVO Artigianale al Basilico 100% Italiano. Fresco e aromatico, ideale per insalate, bruschette e piatti mediterranei.","9.95","https://qtrypzzcjebvfcihiynt.supabase.co/storage/v1/object/public/base44-prod/public/690def7378e8f85386a1132d/9af0a12b3_aromatizzatobasilico.jpg","flavored_oils","false","70","{""origin"":""Italia"",""harvest_year"":null,""volume"":""100ml"",""characteristics"":[""Basilico fresco"",""Artigianale"",""Mediterraneo"",""100% Italiano""]}","{""en"":{""name"":""EVO Basil Oil 100ml"",""description"":""Artisan EVO Basil Oil 100% Italian. Fresh and aromatic, ideal for Caprese and Mediterranean dishes.""},""fr"":{""name"":""Huile EVO au Basilic 100ml"",""description"":""Huile EVO artisanale au basilic 100% italienne. Fraîche et aromatique, idéale pour Caprese et plats méditerranéens.""},""es"":{""name"":""Aceite EVO al Albahaca 100ml"",""description"":""Aceite EVO artesanal al albahaca 100% italiano. Fresco y aromático, ideal para Caprese y platos mediterráneos.""},""ro"":{""name"":""Ulei EVO cu Busuioc 100ml"",""description"":""Ulei EVO artizanal cu busuioc 100% italian. Proaspăt și aromat, ideal pentru Caprese și preparate mediteraneene.""}}","690f13c369e3610ea9b1e189","2025-11-08T09:56:19.770000","2025-11-16T17:48:26.039000","690def7378e8f85386a1132e","false"
"Olio EVO al Limone 100ml","Olio EVO Artigianale al Limone 100% Italiano. Fresco e agrumato, perfetto per pesce, insalate e dolci.","12.95","https://qtrypzzcjebvfcihiynt.supabase.co/storage/v1/object/public/base44-prod/public/690def7378e8f85386a1132d/242aff47a_aromatizzato-limone.jpg","flavored_oils","false","65","{""origin"":""Italia"",""harvest_year"":null,""volume"":""100ml"",""characteristics"":[""Limone"",""Agrumato"",""Fresco"",""100% Italiano""]}","{""en"":{""name"":""EVO Lemon Oil 100ml"",""description"":""Artisan EVO Lemon Oil 100% Italian. Fresh citrus notes, perfect for fish and salads.""},""fr"":{""name"":""Huile EVO au Citron 100ml"",""description"":""Huile EVO artisanale au citron 100% italienne. Notes d'agrumes frais, parfaite pour poisson et salades.""},""es"":{""name"":""Aceite EVO al Limón 100ml"",""description"":""Aceite EVO artesanal al limón 100% italiano. Notas cítricas frescas, perfecto para pescado y ensaladas.""},""ro"":{""name"":""Ulei EVO cu Lămâie 100ml"",""description"":""Ulei EVO artizanal cu lămâie 100% italian. Note proaspete de citrice, perfect pentru pește și salate.""}}","690f13c369e3610ea9b1e18a","2025-11-08T09:56:19.770000","2025-11-16T17:49:15.685000","690def7378e8f85386a1132e","false"
"Olio EVO al Rosmarino 100ml","Olio EVO Artigianale al Rosmarino 100% Italiano. Aromatico e intenso, ideale per arrosti, patate e focacce.","9.52","https://qtrypzzcjebvfcihiynt.supabase.co/storage/v1/object/public/base44-prod/public/690def7378e8f85386a1132d/02d1cb014_aromatizzato-rosmarino.jpg","flavored_oils","false","75","{""origin"":""Italia"",""harvest_year"":null,""volume"":""100ml"",""characteristics"":[""Rosmarino"",""Aromatico"",""Arrosti"",""100% Italiano""]}","{""en"":{""name"":""EVO Rosemary Oil 100ml"",""description"":""Artisan EVO Rosemary Oil 100% Italian. Herbaceous and fragrant, ideal for meat and roasted vegetables.""},""fr"":{""name"":""Huile EVO au Romarin 100ml"",""description"":""Huile EVO artisanale au romarin 100% italienne. Herbacée et parfumée, idéale pour viandes et légumes rôtis.""},""es"":{""name"":""Aceite EVO al Romero 100ml"",""description"":""Aceite EVO artesanal al romero 100% italiano. Herbáceo y fragante, ideal para carne y verduras asadas.""},""ro"":{""name"":""Ulei EVO cu Rozmarin 100ml"",""description"":""Ulei EVO artizanal cu rozmarin 100% italian. Ierburiu și parfumat, ideal pentru carne și legume la cuptor.""}}","690f13c369e3610ea9b1e18b","2025-11-08T09:56:19.770000","2025-11-14T08:11:37.373000","690def7378e8f85386a1132e","false"
"Olio EVO all'Aglio 100ml","Olio EVO Artigianale all'Aglio 100% Italiano. Sapore intenso, perfetto per bruschette, pasta aglio e olio.","9.95","https://qtrypzzcjebvfcihiynt.supabase.co/storage/v1/object/public/base44-prod/public/690def7378e8f85386a1132d/34308b191_aromatizzato-aglio.jpg","flavored_oils","false","70","{""origin"":""Italia"",""harvest_year"":null,""volume"":""100ml"",""characteristics"":[""Aglio"",""Intenso"",""Bruschette"",""100% Italiano""]}","{""en"":{""name"":""EVO Garlic Oil 100ml"",""description"":""Artisan EVO Garlic Oil 100% Italian. Intense flavor, perfect for bruschetta and garlic pasta.""},""fr"":{""name"":""Huile EVO à l'Ail 100ml"",""description"":""Huile EVO artisanale à l'ail 100% italienne. Saveur intense, parfaite pour bruschetta et pâtes à l'ail.""},""es"":{""name"":""Aceite EVO al Ajo 100ml"",""description"":""Aceite EVO artesanal al ajo 100% italiano. Sabor intenso, perfecto para bruschetta y pasta al ajo.""},""ro"":{""name"":""Ulei EVO cu Usturoi 100ml"",""description"":""Ulei EVO artizanal cu usturoi 100% italian. Gust intens, perfect pentru bruschetta și paste cu usturoi.""}}","690f13c369e3610ea9b1e18c","2025-11-08T09:56:19.770000","2025-11-16T17:49:46.513000","690def7378e8f85386a1132e","false"
"Olio EVO all'Arancia 100ml","Olio EVO Artigianale all'Arancia 100% Italiano. Dolce e agrumato, ideale per insalate, dolci e piatti creativi.","12.95","https://qtrypzzcjebvfcihiynt.supabase.co/storage/v1/object/public/base44-prod/public/690def7378e8f85386a1132d/35a697b50_aromatizzato-arancia.jpg","flavored_oils","false","55","{""origin"":""Italia"",""harvest_year"":null,""volume"":""100ml"",""characteristics"":[""Arancia"",""Dolce"",""Agrumato"",""100% Italiano""]}","{""en"":{""name"":""EVO Orange Oil 100ml"",""description"":""Artisan EVO Orange Oil 100% Italian. Sweet and citrusy, ideal for salads, desserts and creative dishes.""},""fr"":{""name"":""Huile EVO à l'Orange 100ml"",""description"":""Huile EVO artisanale à l'orange 100% italienne. Douce et citronnée, idéale pour salades, desserts et plats créatifs.""},""es"":{""name"":""Aceite EVO a la Naranja 100ml"",""description"":""Aceite EVO artesanal a la naranja 100% italiano. Dulce y cítrico, ideal para ensaladas, postres y platos creativos.""},""ro"":{""name"":""Ulei EVO cu Portocală 100ml"",""description"":""Ulei EVO artizanal cu portocală 100% italian. Dulce și citric, ideal pentru salate, deserturi și preparate creative.""}}","690f13c369e3610ea9b1e18d","2025-11-08T09:56:19.770000","2025-11-16T17:49:30","690def7378e8f85386a1132e","false"
"Cabernet Franc","Vino rosso Cabernet Franc di qualità superiore dalle migliori cantine italiane. Corposo e strutturato, con note di frutti rossi.","23.77","https://qtrypzzcjebvfcihiynt.supabase.co/storage/v1/object/public/base44-prod/public/690def7378e8f85386a1132d/94bc01c94_Cabernet-franc.jpg","wines","false","40","{""origin"":""Italia"",""harvest_year"":null,""volume"":null,""characteristics"":[""Vino rosso"",""Qualità superiore"",""Cantina selezionata"",""Corposo""]}","","690f13c369e3610ea9b1e18e","2025-11-08T09:56:19.770000","2025-11-13T15:02:45.787000","690def7378e8f85386a1132e","false"
"Il Bisbetico Domato - Montefalco Sagrantino","Prestigioso Montefalco Sagrantino DOCG, vino rosso corposo e strutturato dalle colline umbre. Invecchiamento in botte, carattere intenso.","149.95","https://qtrypzzcjebvfcihiynt.supabase.co/storage/v1/object/public/base44-prod/public/690def7378e8f85386a1132d/75e7e5cbc_Il-Bisbetico-Domato-Montefalco-sagrantino-DOCG-1742.jpg","wines","false","15","{""origin"":""Montefalco, Umbria"",""harvest_year"":null,""volume"":null,""characteristics"":[""Sagrantino"",""Corposo"",""Prestigioso"",""DOCG""]}","","690f13c369e3610ea9b1e18f","2025-11-08T09:56:19.770000","2025-11-16T17:47:41.509000","690def7378e8f85386a1132e","false"
"Mamma Mia - Vino Passito","Vino passito dolce e aromatico, invecchiato con cura. Perfetto per dessert e formaggi stagionati. Vino da meditazione.","59.95","https://qtrypzzcjebvfcihiynt.supabase.co/storage/v1/object/public/base44-prod/public/690def7378e8f85386a1132d/68a7db8e1_Mamma-mia-passito-1742.jpg","wines","false","30","{""origin"":""Italia"",""harvest_year"":null,""volume"":""500"",""characteristics"":[""Passito"",""Dolce"",""Invecchiato"",""Dessert""]}","","690f13c369e3610ea9b1e190","2025-11-08T09:56:19.770000","2025-11-19T10:18:21.670000","690def7378e8f85386a1132e","false"
"Spumante Brut 1742","Spumante Brut metodo classico. Bollicine fini e persistenti, elegante e raffinato. Perfetto per aperitivi e celebrazioni.","31.97","https://qtrypzzcjebvfcihiynt.supabase.co/storage/v1/object/public/base44-prod/public/690def7378e8f85386a1132d/f26e7cb50_spumante-brut-1742.jpg","wines","false","35","{""origin"":""Italia"",""harvest_year"":null,""volume"":null,""characteristics"":[""Spumante"",""Metodo classico"",""Brut"",""Elegante""]}","","690f13c369e3610ea9b1e191","2025-11-08T09:56:19.770000","2025-11-13T15:15:58.822000","690def7378e8f85386a1132e","false"
"Spumante 48 Mesi Brut 1742","Spumante Brut Premium invecchiato 48 mesi. Complessità e finezza straordinarie, bollicine cremose. Per intenditori.","44.95","https://qtrypzzcjebvfcihiynt.supabase.co/storage/v1/object/public/base44-prod/public/690def7378e8f85386a1132d/ba9f73cd5_1742-pass-dosemetodo-classico.png","wines","false","20","{""origin"":""Italia"",""harvest_year"":null,""volume"":null,""characteristics"":[""48 mesi"",""Premium"",""Metodo classico"",""Complessità""]}","{""en"":{""name"":""Sparkling 48 Months Brut 1742"",""description"":""Premium Brut sparkling aged 48 months. Extraordinary complexity and finesse, creamy bubbles. For connoisseurs.""},""fr"":{""name"":""Mousseux 48 Mois Brut 1742"",""description"":""Mousseux Brut premium vieilli 48 mois. Complexité et finesse extraordinaires, bulles crémeuses. Pour connaisseurs.""},""es"":{""name"":""Espumoso 48 Meses Brut 1742"",""description"":""Espumoso Brut premium envejecido 48 meses. Complejidad y finura extraordinarias, burbujas cremosas. Para conocedores.""},""ro"":{""name"":""Spumant 48 Luni Brut 1742"",""description"":""Spumant Brut premium învechit 48 luni. Complexitate și finețe extraordinare, bule cremoase. Pentru cunoscători.""}}","690f13c369e3610ea9b1e192","2025-11-08T09:56:19.770000","2025-11-16T17:41:42.950000","690def7378e8f85386a1132e","false"
"Spumante Rose Brut 1742","Spumante Rosè Brut elegante e fruttato. Note di frutti rossi, perfetto per brunch e aperitivi speciali.","39.95","https://qtrypzzcjebvfcihiynt.supabase.co/storage/v1/object/public/base44-prod/public/690def7378e8f85386a1132d/f26e7cb50_spumante-brut-1742.jpg","wines","false","30","{""origin"":""Italia"",""harvest_year"":null,""volume"":""750ml"",""characteristics"":[""Rosè"",""Fruttato"",""Elegante"",""Brut""]}","{""en"":{""name"":""Sparkling Rosé Brut 1742"",""description"":""Elegant and fruity Rosé Brut sparkling wine. Red fruit notes, perfect for brunch and special aperitifs.""},""fr"":{""name"":""Mousseux Rosé Brut 1742"",""description"":""Vin mousseux Rosé Brut élégant et fruité. Notes de fruits rouges, parfait pour brunch et apéritifs spéciaux.""},""es"":{""name"":""Espumoso Rosado Brut 1742"",""description"":""Vino espumoso Rosado Brut elegante y afrutado. Notas de frutos rojos, perfecto para brunch y aperitivos especiales.""},""ro"":{""name"":""Spumant Roze Brut 1742"",""description"":""Vin spumant Roze Brut elegant și fructat. Note de fructe roșii, perfect pentru brunch și aperitive speciale.""}}","690f13c369e3610ea9b1e193","2025-11-08T09:56:19.770000","2025-11-16T17:50:28.766000","690def7378e8f85386a1132e","false"
"Crema Corpo Biologica","Crema corpo biologica all'olio d'oliva extravergine. Nutre e idrata la pelle in profondità, lasciandola morbida e vellutata.","29.51","https://qtrypzzcjebvfcihiynt.supabase.co/storage/v1/object/public/base44-prod/public/690def7378e8f85386a1132d/7e5d2e976_crema-corpo-ronci.jpg","cosmetics","false","45","{""origin"":null,""harvest_year"":null,""volume"":null,""characteristics"":[""Biologica"",""Olio d'oliva"",""Nutriente"",""Idratante""]}","{""en"":{""name"":""Organic Body Cream"",""description"":""Organic body cream with extra virgin olive oil. Deeply nourishes and moisturizes skin, leaving it soft and velvety.""},""fr"":{""name"":""Crème Corps Biologique"",""description"":""Crème corps biologique à l'huile d'olive extra vierge. Nourrit et hydrate la peau en profondeur, la laissant douce et veloutée.""},""es"":{""name"":""Crema Corporal Orgánica"",""description"":""Crema corporal orgánica con aceite de oliva virgen extra. Nutre e hidrata la piel en profundidad, dejándola suave y aterciopelada.""},""ro"":{""name"":""Cremă de Corp Organică"",""description"":""Cremă de corp organică cu ulei de măsline extravirgin. Hrănește și hidratează pielea în profunzime, lăsând-o moale și catifelată.""}}","690f13c369e3610ea9b1e194","2025-11-08T09:56:19.770000","2025-11-14T08:11:30.694000","690def7378e8f85386a1132e","false"
"Crema Viso Notte","Crema viso notte rigenerante all'olio d'oliva. Ripara e rigenera la pelle durante il riposo per un risveglio luminoso.","28.52","https://qtrypzzcjebvfcihiynt.supabase.co/storage/v1/object/public/base44-prod/public/690def7378e8f85386a1132d/04c0c6c0e_crema-viso-notte-ronci.jpg","cosmetics","false","40","{""origin"":null,""harvest_year"":null,""volume"":null,""characteristics"":[""Rigenerante"",""Notte"",""Anti-età"",""Naturale""]}","{""en"":{""name"":""Night Face Cream"",""description"":""Regenerating night face cream with olive oil. Repairs and regenerates skin during rest for a luminous awakening.""},""fr"":{""name"":""Crème Visage Nuit"",""description"":""Crème visage nuit régénérante à l'huile d'olive. Répare et régénère la peau pendant le repos pour un réveil lumineux.""},""es"":{""name"":""Crema Facial Noche"",""description"":""Crema facial noche regeneradora con aceite de oliva. Repara y regenera la piel durante el descanso para un despertar luminoso.""},""ro"":{""name"":""Cremă de Față de Noapte"",""description"":""Cremă de față de noapte regenerantă cu ulei de măsline. Repară și regenerează pielea în timpul odihnei pentru o trezire luminoasă.""}}","690f13c369e3610ea9b1e195","2025-11-08T09:56:19.770000","2025-11-14T08:11:28.796000","690def7378e8f85386a1132e","false"
"Latte Detergente Struccante","Latte detergente struccante delicato all'olio extravergine di oliva. Rimuove trucco e impurità rispettando il pH naturale della pelle.","29.95","https://qtrypzzcjebvfcihiynt.supabase.co/storage/v1/object/public/base44-prod/public/690def7378e8f85386a1132d/f26e7cb50_spumante-brut-1742.jpg","cosmetics","false","50","{""origin"":null,""harvest_year"":null,""volume"":null,""characteristics"":[""Delicato"",""Struccante"",""Detergente"",""Naturale""]}","{""en"":{""name"":""Gentle Cleansing Milk"",""description"":""Gentle cleansing makeup remover with olive oil. Deep cleanses while respecting skin's natural pH.""},""fr"":{""name"":""Lait Démaquillant Doux"",""description"":""Lait démaquillant doux à l'huile d'olive. Nettoie en profondeur en respectant le pH naturel de la peau.""},""es"":{""name"":""Leche Limpiadora Suave"",""description"":""Leche limpiadora desmaquillante suave con aceite de oliva. Limpia en profundidad respetando el pH natural de la piel.""},""ro"":{""name"":""Lapte Demachiant Delicat"",""description"":""Lapte demachiant delicat cu ulei de măsline. Curăță în profunzime respectând pH-ul natural al pielii.""}}","690f13c369e3610ea9b1e196","2025-11-08T09:56:19.770000","2025-11-16T17:48:43.488000","690def7378e8f85386a1132e","false"
"Sapone Vegetale Biologico","Sapone vegetale biologico all'olio d'oliva. Deterge delicatamente rispettando la naturale idratazione della pelle.","9.95","https://qtrypzzcjebvfcihiynt.supabase.co/storage/v1/object/public/base44-prod/public/690def7378e8f85386a1132d/06cbf1863_sapone-vegetale-ronci.jpg","cosmetics","false","60","{""origin"":""Italy"",""harvest_year"":null,""volume"":null,""characteristics"":[""Biologico"",""Vegetale"",""Delicato"",""Olio d'oliva""]}","{""en"":{""name"":""Organic Vegetable Soap"",""description"":""Organic vegetable soap with olive oil. Gently cleanses while respecting natural skin moisture.""},""fr"":{""name"":""Savon Végétal Biologique"",""description"":""Savon végétal biologique à l'huile d'olive. Nettoie délicatement en respectant l'hydratation naturelle de la peau.""},""es"":{""name"":""Jabón Vegetal Orgánico"",""description"":""Jabón vegetal orgánico con aceite de oliva. Limpia suavemente respetando la hidratación natural de la piel.""},""ro"":{""name"":""Săpun Vegetal Organic"",""description"":""Săpun vegetal organic cu ulei de măsline. Curăță delicat respectând hidratarea naturală a pielea.""}}","690f13c369e3610ea9b1e197","2025-11-08T09:56:19.770000","2025-11-16T17:47:23.821000","690def7378e8f85386a1132e","false"
"Scrub Viso all'Olio Extravergine","Scrub viso esfoliante all'olio extravergine di oliva. Elimina le cellule morte e illumina la pelle naturalmente.","28.69","https://qtrypzzcjebvfcihiynt.supabase.co/storage/v1/object/public/base44-prod/public/690def7378e8f85386a1132d/544f2e974_scrub-viso-all-olio-di-oliva-evo.jpg","cosmetics","false","45","{""origin"":null,""harvest_year"":null,""volume"":null,""characteristics"":[""Esfoliante"",""Illuminante"",""Naturale"",""Olio EVO""]}","{""en"":{""name"":""Face Scrub with Extra Virgin Oil"",""description"":""Exfoliating face scrub with extra virgin olive oil. Removes dead cells and naturally illuminates skin.""},""fr"":{""name"":""Gommage Visage à l'Huile Extra Vierge"",""description"":""Gommage visage exfoliant à l'huile d'olive extra vierge. Élimine les cellules mortes et illumine naturellement la peau.""},""es"":{""name"":""Exfoliante Facial con Aceite Virgen Extra"",""description"":""Exfoliante facial con aceite de oliva virgen extra. Elimina células muertas e ilumina naturalmente la piel.""},""ro"":{""name"":""Scrub Facial cu Ulei Extravirgin"",""description"":""Scrub facial exfoliant cu ulei de măsline extravirgin. Elimină celulele moarte și luminează natural pielea.""}}","690f13c369e3610ea9b1e198","2025-11-08T09:56:19.770000","2025-11-14T08:11:26.871000","690def7378e8f85386a1132e","false"
"Olio per Massaggi all'Olio Extravergine","Olio per massaggi rilassanti all'olio extravergine di oliva. Nutre la pelle e favorisce il benessere muscolare.","34.43","https://qtrypzzcjebvfcihiynt.supabase.co/storage/v1/object/public/base44-prod/public/690def7378e8f85386a1132d/7fd40245c_olio-per-massaggi-all-olio-evo.jpg","cosmetics","false","35","{""origin"":null,""harvest_year"":null,""volume"":null,""characteristics"":[""Rilassante"",""Massaggi"",""Naturale"",""Benessere""]}","{""en"":{""name"":""Massage Oil with Extra Virgin Olive Oil"",""description"":""Relaxing massage oil with extra virgin olive oil. Nourishes skin and promotes muscle wellness.""},""fr"":{""name"":""Huile de Massage à l'Huile Extra Vierge"",""description"":""Huile de massage relaxante à l'huile d'olive extra vierge. Nourrit la peau et favorise le bien-être musculaire.""},""es"":{""name"":""Aceite de Masaje con Aceite Virgen Extra"",""description"":""Aceite de masaje relajante con aceite de oliva virgen extra. Nutre la piel y favorece el bienestar muscular.""},""ro"":{""name"":""Ulei de Masaj cu Ulei Extravirgin"",""description"":""Ulei de masaj relaxant cu ulei de măsline extravirgin. Hrănește pielea și favorizează bunăstarea musculară.""}}","690f13c369e3610ea9b1e199","2025-11-08T09:56:19.770000","2025-11-14T08:11:25.205000","690def7378e8f85386a1132e","false"
"Gift Box Extravergine & Aromatizzati","Elegante confezione regalo con selezione di 3 oli extravergini e aromatizzati. Perfetta per regali aziendali o occasioni speciali.","49.95","https://qtrypzzcjebvfcihiynt.supabase.co/storage/v1/object/public/base44-prod/public/690def7378e8f85386a1132d/7eee3bf27_Gift-Box-Extravergine-Aromatizzati.jpg","gift_boxes","false","25","{""origin"":null,""harvest_year"":null,""volume"":null,""characteristics"":[""Confezione elegante"",""Selezione premium"",""Idea regalo"",""Made in Italy""]}","{""en"":{""name"":""Premium Italian Gift Box"",""description"":""Elegant gift box with selection of premium Italian oils. Perfect for corporate gifts or special occasions.""},""fr"":{""name"":""Coffret Cadeau Italien Premium"",""description"":""Coffret cadeau élégant avec sélection d'huiles italiennes premium. Parfait pour cadeaux d'entreprise ou occasions spéciales.""},""es"":{""name"":""Caja Regalo Italiana Premium"",""description"":""Caja regalo elegante con selección de aceites italianos premium. Perfecta para regalos corporativos u ocasiones especiales.""},""ro"":{""name"":""Cutie Cadou Italiană Premium"",""description"":""Cutie cadou elegantă cu selecție de uleiuri italiene premium. Perfectă pentru cadouri corporative sau ocazii speciale.""}}","690f13c369e3610ea9b1e19a","2025-11-08T09:56:19.770000","2025-11-16T17:43:25.914000","690def7378e8f85386a1132e","false"
"Gift Box Olio Extravergine Italiano","Set regalo premium con i migliori 3 oli extravergini italiani in elegante confezione. Il regalo perfetto per gli amanti del buon olio.","59.95","https://qtrypzzcjebvfcihiynt.supabase.co/storage/v1/object/public/base44-prod/public/690def7378e8f85386a1132d/c76fce295_Gift-Box-Olio-Extravergine-Italiano.JPG","gift_boxes","false","20","{""origin"":null,""harvest_year"":null,""volume"":null,""characteristics"":[""Premium"",""Elegante"",""Eccellenza italiana"",""Gift box""]}","{""en"":{""name"":""Premium Italian Gift Box"",""description"":""Elegant gift box with selection of premium Italian oils. Perfect for corporate gifts or special occasions.""},""fr"":{""name"":""Coffret Cadeau Italien Premium"",""description"":""Coffret cadeau élégant avec sélection d'huiles italiennes premium. Parfait pour cadeaux d'entreprise ou occasions spéciales.""},""es"":{""name"":""Caja Regalo Italiana Premium"",""description"":""Caja regalo elegante con selección de aceites italianos premium. Perfecta para regalos corporativos u ocasiones especiales.""},""ro"":{""name"":""Cutie Cadou Italiană Premium"",""description"":""Cutie cadou elegantă cu selecție de uleiuri italiene premium. Perfectă pentru cadouri corporative sau ocazii speciale.""}}","690f13c369e3610ea9b1e19b","2025-11-08T09:56:19.770000","2025-11-16T17:45:02.374000","690def7378e8f85386a1132e","false"
"Olio Extravergine di Oliva 'ROSSI' 500ml","L'olio extravergine di oliva Rossi 100% italiano: un'eccellenza ottenuta da olive Leccino, Moraiolo e Frantoio, raccolte a mano per preservarne qualità e integrità. Un olio italiano naturale e genuino, ideale sia a tavola che in cucina, perfetto anche per le cotture grazie al suo gusto equilibrato e alla sua qualità superiore.","14.95","https://qtrypzzcjebvfcihiynt.supabase.co/storage/v1/object/public/base44-prod/public/690def7378e8f85386a1132d/a41e14b29_rossi.jpg","extra_virgin_olive_oil","true","100","{""origin"":""Umbria, Italia"",""harvest_year"":""2025"",""volume"":""500ml"",""characteristics"":[""Raccolto a mano"",""Gusto equilibrato"",""Ideale per cotture"",""100% Italiano"",""Biologico"",""Estratto a freddo""]}","{""en"":{""name"":""Extra Virgin Olive Oil 'ROSSI' 500ml"",""description"":""Rossi 100% Italian extra virgin olive oil: an excellence made from Leccino, Moraiolo, and Frantoio olives, hand-picked to preserve quality and integrity. A natural and genuine Italian oil, ideal both at the table and in the kitchen, perfect for cooking thanks to its balanced flavor and superior quality.""},""fr"":{""name"":""Huile d’Olive Vierge Extra 'ROSSI' 500ml"",""description"":""Huile d’olive vierge extra Rossi 100 % italienne : une excellence obtenue à partir d’olives Leccino, Moraiolo et Frantoio, récoltées à la main pour préserver leur qualité et leur intégrité. Une huile italienne naturelle et authentique, idéale à table comme en cuisine, parfaite pour la cuisson grâce à son goût équilibré et sa qualité supérieure.""},""es"":{""name"":""Aceite de Oliva Virgen Extra 'ROSSI' 500ml"",""description"":""Aceite de oliva virgen extra Rossi 100 % italiano: una excelencia obtenida de aceitunas Leccino, Moraiolo y Frantoio, recolectadas a mano para preservar su calidad e integridad. Un aceite italiano natural y genuino, ideal tanto en la mesa como en la cocina, perfecto para cocinar gracias a su sabor equilibrado y su calidad superior.""},""ro"":{""name"":""Ulei de măsline extravirgin 'ROSSI' 500ml"",""description"":""Ulei de măsline extravirgin Rossi 100 % italian: o excelență obținută din măslinele Leccino, Moraiolo și Frantoio, culese manual pentru a le păstra calitatea și integritatea. Un ulei italian natural și autentic, ideal atât la masă, cât și în bucătărie, perfect și pentru gătit datorită gustului său echilibrat și calității superioare.""}}","690f13c369e3610ea9b1e17d","2025-11-08T09:56:19.769000","2025-11-16T17:49:03.147000","690def7378e8f85386a1132e","false"